// Auto-generated resource file
#include <cstddef>
#include <Layers/lresources.h>

namespace Layers {
namespace Resources {

static const unsigned char res__definitions_nebula_attributeeditors_json[] = {
    0x7b, 0x0d, 0x0a, 0x20, 0x20, 0x20, 0x20, 0x22, 0x41, 0x74, 0x74, 0x72, 0x69, 0x62, 0x75, 0x74, 
    0x65, 0x20, 0x45, 0x64, 0x69, 0x74, 0x6f, 0x72, 0x73, 0x22, 0x3a, 0x20, 0x7b, 0x0d, 0x0a, 0x20, 
    0x20, 0x20, 0x20, 0x20, 0x20, 0x20, 0x20, 0x22, 0x5f, 0x69, 0x6e, 0x63, 0x6c, 0x75, 0x64, 0x65, 
    0x22, 0x3a, 0x20, 0x22, 0x51, 0x4c, 0x61, 0x79, 0x65, 0x72, 0x73, 0x2f, 0x71, 0x6c, 0x77, 0x69, 
    0x64, 0x67, 0x65, 0x74, 0x2e, 0x6a, 0x73, 0x6f, 0x6e, 0x3a, 0x3a, 0x57, 0x69, 0x64, 0x67, 0x65, 
    0x74, 0x22, 0x2c, 0x0d, 0x0a, 0x20, 0x20, 0x20, 0x20, 0x20, 0x20, 0x20, 0x20, 0x22, 0x61, 0x74, 
    0x74, 0x72, 0x69, 0x62, 0x75, 0x74, 0x65, 0x73, 0x22, 0x3a, 0x20, 0x7b, 0x0d, 0x0a, 0x20, 0x20, 
    0x20, 0x20, 0x20, 0x20, 0x20, 0x20, 0x20, 0x20, 0x20, 0x20, 0x22, 0x43, 0x6f, 0x72, 0x6e, 0x65, 
    0x72, 0x20, 0x52, 0x61, 0x64, 0x69, 0x69, 0x2e, 0x42, 0x6f, 0x74, 0x74, 0x6f, 0x6d, 0x20, 0x4c, 
    0x65, 0x66, 0x74, 0x22, 0x3a, 0x20, 0x35, 0x2c, 0x0d, 0x0a, 0x20, 0x20, 0x20, 0x20, 0x20, 0x20, 
    0x20, 0x20, 0x20, 0x20, 0x20, 0x20, 0x22, 0x43, 0x6f, 0x72, 0x6e, 0x65, 0x72, 0x20, 0x52, 0x61, 
    0x64, 0x69, 0x69, 0x2e, 0x42, 0x6f, 0x74, 0x74, 0x6f, 0x6d, 0x20, 0x52, 0x69, 0x67, 0x68, 0x74, 
    0x22, 0x3a, 0x20, 0x35, 0x2c, 0x0d, 0x0a, 0x20, 0x20, 0x20, 0x20, 0x20, 0x20, 0x20, 0x20, 0x20, 
    0x20, 0x20, 0x20, 0x22, 0x43, 0x6f, 0x72, 0x6e, 0x65, 0x72, 0x20, 0x52, 0x61, 0x64, 0x69, 0x69, 
    0x2e, 0x54, 0x6f, 0x70, 0x20, 0x4c, 0x65, 0x66, 0x74, 0x22, 0x3a, 0x20, 0x35, 0x2c, 0x0d, 0x0a, 
    0x20, 0x20, 0x20, 0x20, 0x20, 0x20, 0x20, 0x20, 0x20, 0x20, 0x20, 0x20, 0x22, 0x43, 0x6f, 0x72, 
    0x6e, 0x65, 0x72, 0x20, 0x52, 0x61, 0x64, 0x69, 0x69, 0x2e, 0x54, 0x6f, 0x70, 0x20, 0x52, 0x69, 
    0x67, 0x68, 0x74, 0x22, 0x3a, 0x20, 0x35, 0x2c, 0x0d, 0x0a, 0x20, 0x20, 0x20, 0x20, 0x20, 0x20, 
    0x20, 0x20, 0x20, 0x20, 0x20, 0x20, 0x22, 0x46, 0x69, 0x6c, 0x6c, 0x22, 0x3a, 0x20, 0x22, 0x4c, 
    0x3a, 0x54, 0x68, 0x65, 0x6d, 0x65, 0x2f, 0x54, 0x65, 0x72, 0x74, 0x69, 0x61, 0x72, 0x79, 0x22, 
    0x0d, 0x0a, 0x20, 0x20, 0x20, 0x20, 0x20, 0x20, 0x20, 0x20, 0x7d, 0x2c, 0x0d, 0x0a, 0x20, 0x20, 
    0x20, 0x20, 0x20, 0x20, 0x20, 0x20, 0x22, 0x63, 0x68, 0x69, 0x6c, 0x64, 0x72, 0x65, 0x6e, 0x22, 
    0x3a, 0x20, 0x7b, 0x0d, 0x0a, 0x20, 0x20, 0x20, 0x20, 0x20, 0x20, 0x20, 0x20, 0x20, 0x20, 0x20, 
    0x20, 0x22, 0x43, 0x6f, 0x6c, 0x6c, 0x61, 0x70, 0x73, 0x65, 0x20, 0x42, 0x75, 0x74, 0x74, 0x6f, 
    0x6e, 0x22, 0x3a, 0x20, 0x7b, 0x0d, 0x0a, 0x20, 0x20, 0x20, 0x20, 0x20, 0x20, 0x20, 0x20, 0x20, 
    0x20, 0x20, 0x20, 0x20, 0x20, 0x20, 0x20, 0x22, 0x5f, 0x69, 0x6e, 0x63, 0x6c, 0x75, 0x64, 0x65, 
    0x22, 0x3a, 0x20, 0x22, 0x51, 0x4c, 0x61, 0x79, 0x65, 0x72, 0x73, 0x2f, 0x71, 0x6c, 0x77, 0x69, 
    0x64, 0x67, 0x65, 0x74, 0x2e, 0x6a, 0x73, 0x6f, 0x6e, 0x3a, 0x3a, 0x57, 0x69, 0x64, 0x67, 0x65, 
    0x74, 0x22, 0x2c, 0x0d, 0x0a, 0x20, 0x20, 0x20, 0x20, 0x20, 0x20, 0x20, 0x20, 0x20, 0x20, 0x20, 
    0x20, 0x20, 0x20, 0x20, 0x20, 0x22, 0x61, 0x74, 0x74, 0x72, 0x69, 0x62, 0x75, 0x74, 0x65, 0x73, 
    0x22, 0x3a, 0x20, 0x7b, 0x0d, 0x0a, 0x20, 0x20, 0x20, 0x20, 0x20, 0x20, 0x20, 0x20, 0x20, 0x20, 
    0x20, 0x20, 0x20, 0x20, 0x20, 0x20, 0x20, 0x20, 0x20, 0x20, 0x22, 0x43, 0x6f, 0x72, 0x6e, 0x65, 
    0x72, 0x20, 0x52, 0x61, 0x64, 0x69, 0x69, 0x2e, 0x42, 0x6f, 0x74, 0x74, 0x6f, 0x6d, 0x20, 0x4c, 
    0x65, 0x66, 0x74, 0x22, 0x3a, 0x20, 0x22, 0x4c, 0x3a, 0x43, 0x6f, 0x72, 0x6e, 0x65, 0x72, 0x20, 
    0x52, 0x61, 0x64, 0x69, 0x69, 0x2e, 0x42, 0x6f, 0x74, 0x74, 0x6f, 0x6d, 0x20, 0x52, 0x69, 0x67, 
    0x68, 0x74, 0x22, 0x2c, 0x0d, 0x0a, 0x20, 0x20, 0x20, 0x20, 0x20, 0x20, 0x20, 0x20, 0x20, 0x20, 
    0x20, 0x20, 0x20, 0x20, 0x20, 0x20, 0x20, 0x20, 0x20, 0x20, 0x22, 0x43, 0x6f, 0x72, 0x6e, 0x65, 
    0x72, 0x20, 0x52, 0x61, 0x64, 0x69, 0x69, 0x2e, 0x42, 0x6f, 0x74, 0x74, 0x6f, 0x6d, 0x20, 0x52, 
    0x69, 0x67, 0x68, 0x74, 0x22, 0x3a, 0x20, 0x7b, 0x0d, 0x0a, 0x20, 0x20, 0x20, 0x20, 0x20, 0x20, 
    0x20, 0x20, 0x20, 0x20, 0x20, 0x20, 0x20, 0x20, 0x20, 0x20, 0x20, 0x20, 0x20, 0x20, 0x20, 0x20, 
    0x20, 0x20, 0x22, 0x6c, 0x69, 0x6e, 0x6b, 0x5f, 0x72, 0x65, 0x6c, 0x61, 0x74, 0x69, 0x76, 0x65, 
    0x22, 0x3a, 0x20, 0x22, 0x4c, 0x3a, 0x2e, 0x2e, 0x2f, 0x43, 0x6f, 0x72, 0x6e, 0x65, 0x72, 0x20, 
    0x52, 0x61, 0x64, 0x69, 0x69, 0x2e, 0x42, 0x6f, 0x74, 0x74, 0x6f, 0x6d, 0x20, 0x52, 0x69, 0x67, 
    0x68, 0x74, 0x22, 0x0d, 0x0a, 0x20, 0x20, 0x20, 0x20, 0x20, 0x20, 0x20, 0x20, 0x20, 0x20, 0x20, 
    0x20, 0x20, 0x20, 0x20, 0x20, 0x20, 0x20, 0x20, 0x20, 0x7d, 0x2c, 0x0d, 0x0a, 0x20, 0x20, 0x20, 
    0x20, 0x20, 0x20, 0x20, 0x20, 0x20, 0x20, 0x20, 0x20, 0x20, 0x20, 0x20, 0x20, 0x20, 0x20, 0x20, 
    0x20, 0x22, 0x43, 0x6f, 0x72, 0x6e, 0x65, 0x72, 0x20, 0x52, 0x61, 0x64, 0x69, 0x69, 0x2e, 0x54, 
    0x6f, 0x70, 0x20, 0x4c, 0x65, 0x66, 0x74, 0x22, 0x3a, 0x20, 0x22, 0x4c, 0x3a, 0x43, 0x6f, 0x72, 
    0x6e, 0x65, 0x72, 0x20, 0x52, 0x61, 0x64, 0x69, 0x69, 0x2e, 0x54, 0x6f, 0x70, 0x20, 0x52, 0x69, 
    0x67, 0x68, 0x74, 0x22, 0x2c, 0x0d, 0x0a, 0x20, 0x20, 0x20, 0x20, 0x20, 0x20, 0x20, 0x20, 0x20, 
    0x20, 0x20, 0x20, 0x20, 0x20, 0x20, 0x20, 0x20, 0x20, 0x20, 0x20, 0x22, 0x43, 0x6f, 0x72, 0x6e, 
    0x65, 0x72, 0x20, 0x52, 0x61, 0x64, 0x69, 0x69, 0x2e, 0x54, 0x6f, 0x70, 0x20, 0x52, 0x69, 0x67, 
    0x68, 0x74, 0x22, 0x3a, 0x20, 0x7b, 0x0d, 0x0a, 0x20, 0x20, 0x20, 0x20, 0x20, 0x20, 0x20, 0x20, 
    0x20, 0x20, 0x20, 0x20, 0x20, 0x20, 0x20, 0x20, 0x20, 0x20, 0x20, 0x20, 0x20, 0x20, 0x20, 0x20, 
    0x22, 0x6c, 0x69, 0x6e, 0x6b, 0x5f, 0x72, 0x65, 0x6c, 0x61, 0x74, 0x69, 0x76, 0x65, 0x22, 0x3a, 
    0x20, 0x22, 0x4c, 0x3a, 0x2e, 0x2e, 0x2f, 0x43, 0x6f, 0x72, 0x6e, 0x65, 0x72, 0x20, 0x52, 0x61, 
    0x64, 0x69, 0x69, 0x2e, 0x54, 0x6f, 0x70, 0x20, 0x52, 0x69, 0x67, 0x68, 0x74, 0x22, 0x0d, 0x0a, 
    0x20, 0x20, 0x20, 0x20, 0x20, 0x20, 0x20, 0x20, 0x20, 0x20, 0x20, 0x20, 0x20, 0x20, 0x20, 0x20, 
    0x20, 0x20, 0x20, 0x20, 0x7d, 0x2c, 0x0d, 0x0a, 0x20, 0x20, 0x20, 0x20, 0x20, 0x20, 0x20, 0x20, 
    0x20, 0x20, 0x20, 0x20, 0x20, 0x20, 0x20, 0x20, 0x20, 0x20, 0x20, 0x20, 0x22, 0x46, 0x69, 0x6c, 
    0x6c, 0x22, 0x3a, 0x20, 0x22, 0x4c, 0x3a, 0x54, 0x68, 0x65, 0x6d, 0x65, 0x2f, 0x54, 0x65, 0x72, 
    0x74, 0x69, 0x61, 0x72, 0x79, 0x22, 0x0d, 0x0a, 0x20, 0x20, 0x20, 0x20, 0x20, 0x20, 0x20, 0x20, 
    0x20, 0x20, 0x20, 0x20, 0x20, 0x20, 0x20, 0x20, 0x7d, 0x0d, 0x0a, 0x20, 0x20, 0x20, 0x20, 0x20, 
    0x20, 0x20, 0x20, 0x20, 0x20, 0x20, 0x20, 0x7d, 0x2c, 0x0d, 0x0a, 0x20, 0x20, 0x20, 0x20, 0x20, 
    0x20, 0x20, 0x20, 0x20, 0x20, 0x20, 0x20, 0x22, 0x46, 0x65, 0x61, 0x74, 0x75, 0x72, 0x65, 0x73, 
    0x20, 0x54, 0x61, 0x62, 0x20, 0x42, 0x61, 0x72, 0x22, 0x3a, 0x20, 0x7b, 0x0d, 0x0a, 0x20, 0x20, 
    0x20, 0x20, 0x20, 0x20, 0x20, 0x20, 0x20, 0x20, 0x20, 0x20, 0x20, 0x20, 0x20, 0x20, 0x22, 0x5f, 
    0x69, 0x6e, 0x63, 0x6c, 0x75, 0x64, 0x65, 0x22, 0x3a, 0x20, 0x22, 0x51, 0x4c, 0x61, 0x79, 0x65, 
    0x72, 0x73, 0x2f, 0x71, 0x6c, 0x77, 0x69, 0x64, 0x67, 0x65, 0x74, 0x2e, 0x6a, 0x73, 0x6f, 0x6e, 
    0x3a, 0x3a, 0x57, 0x69, 0x64, 0x67, 0x65, 0x74, 0x22, 0x2c, 0x0d, 0x0a, 0x20, 0x20, 0x20, 0x20, 
    0x20, 0x20, 0x20, 0x20, 0x20, 0x20, 0x20, 0x20, 0x20, 0x20, 0x20, 0x20, 0x22, 0x61, 0x74, 0x74, 
    0x72, 0x69, 0x62, 0x75, 0x74, 0x65, 0x73, 0x22, 0x3a, 0x20, 0x7b, 0x0d, 0x0a, 0x20, 0x20, 0x20, 
    0x20, 0x20, 0x20, 0x20, 0x20, 0x20, 0x20, 0x20, 0x20, 0x20, 0x20, 0x20, 0x20, 0x20, 0x20, 0x20, 
    0x20, 0x22, 0x43, 0x6f, 0x72, 0x6e, 0x65, 0x72, 0x20, 0x52, 0x61, 0x64, 0x69, 0x69, 0x2e, 0x54, 
    0x6f, 0x70, 0x20, 0x4c, 0x65, 0x66, 0x74, 0x22, 0x3a, 0x20, 0x33, 0x2c, 0x0d, 0x0a, 0x20, 0x20, 
    0x20, 0x20, 0x20, 0x20, 0x20, 0x20, 0x20, 0x20, 0x20, 0x20, 0x20, 0x20, 0x20, 0x20, 0x20, 0x20, 
    0x20, 0x20, 0x22, 0x43, 0x6f, 0x72, 0x6e, 0x65, 0x72, 0x20, 0x52, 0x61, 0x64, 0x69, 0x69, 0x2e, 
    0x54, 0x6f, 0x70, 0x20, 0x52, 0x69, 0x67, 0x68, 0x74, 0x22, 0x3a, 0x20, 0x33, 0x0d, 0x0a, 0x20, 
    0x20, 0x20, 0x20, 0x20, 0x20, 0x20, 0x20, 0x20, 0x20, 0x20, 0x20, 0x20, 0x20, 0x20, 0x20, 0x7d, 
    0x2c, 0x0d, 0x0a, 0x20, 0x20, 0x20, 0x20, 0x20, 0x20, 0x20, 0x20, 0x20, 0x20, 0x20, 0x20, 0x20, 
    0x20, 0x20, 0x20, 0x22, 0x63, 0x68, 0x69, 0x6c, 0x64, 0x72, 0x65, 0x6e, 0x22, 0x3a, 0x20, 0x7b, 
    0x0d, 0x0a, 0x20, 0x20, 0x20, 0x20, 0x20, 0x20, 0x20, 0x20, 0x20, 0x20, 0x20, 0x20, 0x20, 0x20, 
    0x20, 0x20, 0x20, 0x20, 0x20, 0x20, 0x22, 0x54, 0x61, 0x62, 0x73, 0x22, 0x3a, 0x20, 0x7b, 0x0d, 
    0x0a, 0x20, 0x20, 0x20, 0x20, 0x20, 0x20, 0x20, 0x20, 0x20, 0x20, 0x20, 0x20, 0x20, 0x20, 0x20, 
    0x20, 0x20, 0x20, 0x20, 0x20, 0x20, 0x20, 0x20, 0x20, 0x22, 0x5f, 0x69, 0x6e, 0x63, 0x6c, 0x75, 
    0x64, 0x65, 0x22, 0x3a, 0x20, 0x22, 0x51, 0x4c, 0x61, 0x79, 0x65, 0x72, 0x73, 0x2f, 0x71, 0x6c, 
    0x77, 0x69, 0x64, 0x67, 0x65, 0x74, 0x2e, 0x6a, 0x73, 0x6f, 0x6e, 0x3a, 0x3a, 0x57, 0x69, 0x64, 
    0x67, 0x65, 0x74, 0x22, 0x2c, 0x0d, 0x0a, 0x20, 0x20, 0x20, 0x20, 0x20, 0x20, 0x20, 0x20, 0x20, 
    0x20, 0x20, 0x20, 0x20, 0x20, 0x20, 0x20, 0x20, 0x20, 0x20, 0x20, 0x20, 0x20, 0x20, 0x20, 0x22, 
    0x61, 0x74, 0x74, 0x72, 0x69, 0x62, 0x75, 0x74, 0x65, 0x73, 0x22, 0x3a, 0x20, 0x7b, 0x0d, 0x0a, 
    0x20, 0x20, 0x20, 0x20, 0x20, 0x20, 0x20, 0x20, 0x20, 0x20, 0x20, 0x20, 0x20, 0x20, 0x20, 0x20, 
    0x20, 0x20, 0x20, 0x20, 0x20, 0x20, 0x20, 0x20, 0x20, 0x20, 0x20, 0x20, 0x22, 0x43, 0x6f, 0x72, 
    0x6e, 0x65, 0x72, 0x20, 0x52, 0x61, 0x64, 0x69, 0x69, 0x2e, 0x54, 0x6f, 0x70, 0x20, 0x4c, 0x65, 
    0x66, 0x74, 0x22, 0x3a, 0x20, 0x33, 0x2c, 0x0d, 0x0a, 0x20, 0x20, 0x20, 0x20, 0x20, 0x20, 0x20, 
    0x20, 0x20, 0x20, 0x20, 0x20, 0x20, 0x20, 0x20, 0x20, 0x20, 0x20, 0x20, 0x20, 0x20, 0x20, 0x20, 
    0x20, 0x20, 0x20, 0x20, 0x20, 0x22, 0x43, 0x6f, 0x72, 0x6e, 0x65, 0x72, 0x20, 0x52, 0x61, 0x64, 
    0x69, 0x69, 0x2e, 0x54, 0x6f, 0x70, 0x20, 0x52, 0x69, 0x67, 0x68, 0x74, 0x22, 0x3a, 0x20, 0x33, 
    0x2c, 0x0d, 0x0a, 0x20, 0x20, 0x20, 0x20, 0x20, 0x20, 0x20, 0x20, 0x20, 0x20, 0x20, 0x20, 0x20, 
    0x20, 0x20, 0x20, 0x20, 0x20, 0x20, 0x20, 0x20, 0x20, 0x20, 0x20, 0x20, 0x20, 0x20, 0x20, 0x22, 
    0x46, 0x69, 0x6c, 0x6c, 0x22, 0x3a, 0x20, 0x7b, 0x0d, 0x0a, 0x20, 0x20, 0x20, 0x20, 0x20, 0x20, 
    0x20, 0x20, 0x20, 0x20, 0x20, 0x20, 0x20, 0x20, 0x20, 0x20, 0x20, 0x20, 0x20, 0x20, 0x20, 0x20, 
    0x20, 0x20, 0x20, 0x20, 0x20, 0x20, 0x20, 0x20, 0x20, 0x20, 0x22, 0x73, 0x74, 0x61, 0x74, 0x65, 
    0x73, 0x22, 0x3a, 0x20, 0x7b, 0x0d, 0x0a, 0x20, 0x20, 0x20, 0x20, 0x20, 0x20, 0x20, 0x20, 0x20, 
    0x20, 0x20, 0x20, 0x20, 0x20, 0x20, 0x20, 0x20, 0x20, 0x20, 0x20, 0x20, 0x20, 0x20, 0x20, 0x20, 
    0x20, 0x20, 0x20, 0x20, 0x20, 0x20, 0x20, 0x20, 0x20, 0x20, 0x20, 0x22, 0x41, 0x63, 0x74, 0x69, 
    0x76, 0x65, 0x22, 0x3a, 0x20, 0x22, 0x4c, 0x3a, 0x54, 0x68, 0x65, 0x6d, 0x65, 0x2f, 0x50, 0x72, 
    0x69, 0x6d, 0x61, 0x72, 0x79, 0x22, 0x0d, 0x0a, 0x20, 0x20, 0x20, 0x20, 0x20, 0x20, 0x20, 0x20, 
    0x20, 0x20, 0x20, 0x20, 0x20, 0x20, 0x20, 0x20, 0x20, 0x20, 0x20, 0x20, 0x20, 0x20, 0x20, 0x20, 
    0x20, 0x20, 0x20, 0x20, 0x20, 0x20, 0x20, 0x20, 0x7d, 0x2c, 0x0d, 0x0a, 0x20, 0x20, 0x20, 0x20, 
    0x20, 0x20, 0x20, 0x20, 0x20, 0x20, 0x20, 0x20, 0x20, 0x20, 0x20, 0x20, 0x20, 0x20, 0x20, 0x20, 
    0x20, 0x20, 0x20, 0x20, 0x20, 0x20, 0x20, 0x20, 0x20, 0x20, 0x20, 0x20, 0x22, 0x76, 0x61, 0x6c, 
    0x75, 0x65, 0x22, 0x3a, 0x20, 0x22, 0x4c, 0x3a, 0x54, 0x68, 0x65, 0x6d, 0x65, 0x2f, 0x54, 0x65, 
    0x72, 0x74, 0x69, 0x61, 0x72, 0x79, 0x22, 0x0d, 0x0a, 0x20, 0x20, 0x20, 0x20, 0x20, 0x20, 0x20, 
    0x20, 0x20, 0x20, 0x20, 0x20, 0x20, 0x20, 0x20, 0x20, 0x20, 0x20, 0x20, 0x20, 0x20, 0x20, 0x20, 
    0x20, 0x20, 0x20, 0x20, 0x20, 0x7d, 0x0d, 0x0a, 0x20, 0x20, 0x20, 0x20, 0x20, 0x20, 0x20, 0x20, 
    0x20, 0x20, 0x20, 0x20, 0x20, 0x20, 0x20, 0x20, 0x20, 0x20, 0x20, 0x20, 0x20, 0x20, 0x20, 0x20, 
    0x7d, 0x2c, 0x0d, 0x0a, 0x20, 0x20, 0x20, 0x20, 0x20, 0x20, 0x20, 0x20, 0x20, 0x20, 0x20, 0x20, 
    0x20, 0x20, 0x20, 0x20, 0x20, 0x20, 0x20, 0x20, 0x20, 0x20, 0x20, 0x20, 0x22, 0x63, 0x68, 0x69, 
    0x6c, 0x64, 0x72, 0x65, 0x6e, 0x22, 0x3a, 0x20, 0x7b, 0x0d, 0x0a, 0x20, 0x20, 0x20, 0x20, 0x20, 
    0x20, 0x20, 0x20, 0x20, 0x20, 0x20, 0x20, 0x20, 0x20, 0x20, 0x20, 0x20, 0x20, 0x20, 0x20, 0x20, 
    0x20, 0x20, 0x20, 0x20, 0x20, 0x20, 0x20, 0x22, 0x49, 0x63, 0x6f, 0x6e, 0x22, 0x3a, 0x20, 0x7b, 
    0x0d, 0x0a, 0x20, 0x20, 0x20, 0x20, 0x20, 0x20, 0x20, 0x20, 0x20, 0x20, 0x20, 0x20, 0x20, 0x20, 
    0x20, 0x20, 0x20, 0x20, 0x20, 0x20, 0x20, 0x20, 0x20, 0x20, 0x20, 0x20, 0x20, 0x20, 0x20, 0x20, 
    0x20, 0x20, 0x22, 0x63, 0x68, 0x69, 0x6c, 0x64, 0x72, 0x65, 0x6e, 0x22, 0x3a, 0x20, 0x7b, 0x0d, 
    0x0a, 0x20, 0x20, 0x20, 0x20, 0x20, 0x20, 0x20, 0x20, 0x20, 0x20, 0x20, 0x20, 0x20, 0x20, 0x20, 
    0x20, 0x20, 0x20, 0x20, 0x20, 0x20, 0x20, 0x20, 0x20, 0x20, 0x20, 0x20, 0x20, 0x20, 0x20, 0x20, 
    0x20, 0x20, 0x20, 0x20, 0x20, 0x22, 0x53, 0x76, 0x67, 0x22, 0x3a, 0x20, 0x7b, 0x0d, 0x0a, 0x20, 
    0x20, 0x20, 0x20, 0x20, 0x20, 0x20, 0x20, 0x20, 0x20, 0x20, 0x20, 0x20, 0x20, 0x20, 0x20, 0x20, 
    0x20, 0x20, 0x20, 0x20, 0x20, 0x20, 0x20, 0x20, 0x20, 0x20, 0x20, 0x20, 0x20, 0x20, 0x20, 0x20, 
    0x20, 0x20, 0x20, 0x20, 0x20, 0x20, 0x20, 0x22, 0x61, 0x74, 0x74, 0x72, 0x69, 0x62, 0x75, 0x74, 
    0x65, 0x73, 0x22, 0x3a, 0x20, 0x7b, 0x0d, 0x0a, 0x20, 0x20, 0x20, 0x20, 0x20, 0x20, 0x20, 0x20, 
    0x20, 0x20, 0x20, 0x20, 0x20, 0x20, 0x20, 0x20, 0x20, 0x20, 0x20, 0x20, 0x20, 0x20, 0x20, 0x20, 
    0x20, 0x20, 0x20, 0x20, 0x20, 0x20, 0x20, 0x20, 0x20, 0x20, 0x20, 0x20, 0x20, 0x20, 0x20, 0x20, 
    0x20, 0x20, 0x20, 0x20, 0x22, 0x43, 0x6f, 0x6c, 0x6f, 0x72, 0x22, 0x3a, 0x20, 0x22, 0x4c, 0x3a, 
    0x54, 0x68, 0x65, 0x6d, 0x65, 0x2f, 0x46, 0x6f, 0x72, 0x65, 0x67, 0x72, 0x6f, 0x75, 0x6e, 0x64, 
    0x22, 0x0d, 0x0a, 0x20, 0x20, 0x20, 0x20, 0x20, 0x20, 0x20, 0x20, 0x20, 0x20, 0x20, 0x20, 0x20, 
    0x20, 0x20, 0x20, 0x20, 0x20, 0x20, 0x20, 0x20, 0x20, 0x20, 0x20, 0x20, 0x20, 0x20, 0x20, 0x20, 
    0x20, 0x20, 0x20, 0x20, 0x20, 0x20, 0x20, 0x20, 0x20, 0x20, 0x20, 0x7d, 0x0d, 0x0a, 0x20, 0x20, 
    0x20, 0x20, 0x20, 0x20, 0x20, 0x20, 0x20, 0x20, 0x20, 0x20, 0x20, 0x20, 0x20, 0x20, 0x20, 0x20, 
    0x20, 0x20, 0x20, 0x20, 0x20, 0x20, 0x20, 0x20, 0x20, 0x20, 0x20, 0x20, 0x20, 0x20, 0x20, 0x20, 
    0x20, 0x20, 0x7d, 0x0d, 0x0a, 0x20, 0x20, 0x20, 0x20, 0x20, 0x20, 0x20, 0x20, 0x20, 0x20, 0x20, 
    0x20, 0x20, 0x20, 0x20, 0x20, 0x20, 0x20, 0x20, 0x20, 0x20, 0x20, 0x20, 0x20, 0x20, 0x20, 0x20, 
    0x20, 0x20, 0x20, 0x20, 0x20, 0x7d, 0x0d, 0x0a, 0x20, 0x20, 0x20, 0x20, 0x20, 0x20, 0x20, 0x20, 
    0x20, 0x20, 0x20, 0x20, 0x20, 0x20, 0x20, 0x20, 0x20, 0x20, 0x20, 0x20, 0x20, 0x20, 0x20, 0x20, 
    0x20, 0x20, 0x20, 0x20, 0x7d, 0x2c, 0x0d, 0x0a, 0x20, 0x20, 0x20, 0x20, 0x20, 0x20, 0x20, 0x20, 
    0x20, 0x20, 0x20, 0x20, 0x20, 0x20, 0x20, 0x20, 0x20, 0x20, 0x20, 0x20, 0x20, 0x20, 0x20, 0x20, 
    0x20, 0x20, 0x20, 0x20, 0x22, 0x54, 0x65, 0x78, 0x74, 0x20, 0x4c, 0x61, 0x62, 0x65, 0x6c, 0x22, 
    0x3a, 0x20, 0x22, 0x51, 0x4c, 0x61, 0x79, 0x65, 0x72, 0x73, 0x2f, 0x71, 0x6c, 0x6c, 0x61, 0x62, 
    0x65, 0x6c, 0x2e, 0x6a, 0x73, 0x6f, 0x6e, 0x3a, 0x3a, 0x4c, 0x61, 0x62, 0x65, 0x6c, 0x22, 0x0d, 
    0x0a, 0x20, 0x20, 0x20, 0x20, 0x20, 0x20, 0x20, 0x20, 0x20, 0x20, 0x20, 0x20, 0x20, 0x20, 0x20, 
    0x20, 0x20, 0x20, 0x20, 0x20, 0x20, 0x20, 0x20, 0x20, 0x7d, 0x0d, 0x0a, 0x20, 0x20, 0x20, 0x20, 
    0x20, 0x20, 0x20, 0x20, 0x20, 0x20, 0x20, 0x20, 0x20, 0x20, 0x20, 0x20, 0x20, 0x20, 0x20, 0x20, 
    0x7d, 0x0d, 0x0a, 0x20, 0x20, 0x20, 0x20, 0x20, 0x20, 0x20, 0x20, 0x20, 0x20, 0x20, 0x20, 0x20, 
    0x20, 0x20, 0x20, 0x7d, 0x0d, 0x0a, 0x20, 0x20, 0x20, 0x20, 0x20, 0x20, 0x20, 0x20, 0x20, 0x20, 
    0x20, 0x20, 0x7d, 0x2c, 0x0d, 0x0a, 0x20, 0x20, 0x20, 0x20, 0x20, 0x20, 0x20, 0x20, 0x20, 0x20, 
    0x20, 0x20, 0x22, 0x4c, 0x61, 0x62, 0x65, 0x6c, 0x22, 0x3a, 0x20, 0x22, 0x51, 0x4c, 0x61, 0x79, 
    0x65, 0x72, 0x73, 0x2f, 0x71, 0x6c, 0x6c, 0x61, 0x62, 0x65, 0x6c, 0x2e, 0x6a, 0x73, 0x6f, 0x6e, 
    0x3a, 0x3a, 0x4c, 0x61, 0x62, 0x65, 0x6c, 0x22, 0x2c, 0x0d, 0x0a, 0x20, 0x20, 0x20, 0x20, 0x20, 
    0x20, 0x20, 0x20, 0x20, 0x20, 0x20, 0x20, 0x22, 0x4c, 0x69, 0x6e, 0x65, 0x20, 0x45, 0x64, 0x69, 
    0x74, 0x6f, 0x72, 0x22, 0x3a, 0x20, 0x7b, 0x0d, 0x0a, 0x20, 0x20, 0x20, 0x20, 0x20, 0x20, 0x20, 
    0x20, 0x20, 0x20, 0x20, 0x20, 0x20, 0x20, 0x20, 0x20, 0x22, 0x5f, 0x69, 0x6e, 0x63, 0x6c, 0x75, 
    0x64, 0x65, 0x22, 0x3a, 0x20, 0x22, 0x51, 0x4c, 0x61, 0x79, 0x65, 0x72, 0x73, 0x2f, 0x71, 0x6c, 
    0x6c, 0x69, 0x6e, 0x65, 0x65, 0x64, 0x69, 0x74, 0x6f, 0x72, 0x2e, 0x6a, 0x73, 0x6f, 0x6e, 0x3a, 
    0x3a, 0x4c, 0x69, 0x6e, 0x65, 0x20, 0x45, 0x64, 0x69, 0x74, 0x6f, 0x72, 0x22, 0x2c, 0x0d, 0x0a, 
    0x20, 0x20, 0x20, 0x20, 0x20, 0x20, 0x20, 0x20, 0x20, 0x20, 0x20, 0x20, 0x20, 0x20, 0x20, 0x20, 
    0x22, 0x61, 0x74, 0x74, 0x72, 0x69, 0x62, 0x75, 0x74, 0x65, 0x73, 0x22, 0x3a, 0x20, 0x7b, 0x0d, 
    0x0a, 0x20, 0x20, 0x20, 0x20, 0x20, 0x20, 0x20, 0x20, 0x20, 0x20, 0x20, 0x20, 0x20, 0x20, 0x20, 
    0x20, 0x20, 0x20, 0x20, 0x20, 0x22, 0x46, 0x69, 0x6c, 0x6c, 0x22, 0x3a, 0x20, 0x22, 0x4c, 0x3a, 
    0x54, 0x68, 0x65, 0x6d, 0x65, 0x2f, 0x53, 0x65, 0x63, 0x6f, 0x6e, 0x64, 0x61, 0x72, 0x79, 0x22, 
    0x2c, 0x0d, 0x0a, 0x20, 0x20, 0x20, 0x20, 0x20, 0x20, 0x20, 0x20, 0x20, 0x20, 0x20, 0x20, 0x20, 
    0x20, 0x20, 0x20, 0x20, 0x20, 0x20, 0x20, 0x22, 0x4d, 0x61, 0x72, 0x67, 0x69, 0x6e, 0x73, 0x2e, 
    0x42, 0x6f, 0x74, 0x74, 0x6f, 0x6d, 0x22, 0x3a, 0x20, 0x35, 0x2c, 0x0d, 0x0a, 0x20, 0x20, 0x20, 
    0x20, 0x20, 0x20, 0x20, 0x20, 0x20, 0x20, 0x20, 0x20, 0x20, 0x20, 0x20, 0x20, 0x20, 0x20, 0x20, 
    0x20, 0x22, 0x4d, 0x61, 0x72, 0x67, 0x69, 0x6e, 0x73, 0x2e, 0x4c, 0x65, 0x66, 0x74, 0x22, 0x3a, 
    0x20, 0x35, 0x2c, 0x0d, 0x0a, 0x20, 0x20, 0x20, 0x20, 0x20, 0x20, 0x20, 0x20, 0x20, 0x20, 0x20, 
    0x20, 0x20, 0x20, 0x20, 0x20, 0x20, 0x20, 0x20, 0x20, 0x22, 0x4d, 0x61, 0x72, 0x67, 0x69, 0x6e, 
    0x73, 0x2e, 0x52, 0x69, 0x67, 0x68, 0x74, 0x22, 0x3a, 0x20, 0x35, 0x2c, 0x0d, 0x0a, 0x20, 0x20, 
    0x20, 0x20, 0x20, 0x20, 0x20, 0x20, 0x20, 0x20, 0x20, 0x20, 0x20, 0x20, 0x20, 0x20, 0x20, 0x20, 
    0x20, 0x20, 0x22, 0x4d, 0x61, 0x72, 0x67, 0x69, 0x6e, 0x73, 0x2e, 0x54, 0x6f, 0x70, 0x22, 0x3a, 
    0x20, 0x35, 0x0d, 0x0a, 0x20, 0x20, 0x20, 0x20, 0x20, 0x20, 0x20, 0x20, 0x20, 0x20, 0x20, 0x20, 
    0x20, 0x20, 0x20, 0x20, 0x7d, 0x0d, 0x0a, 0x20, 0x20, 0x20, 0x20, 0x20, 0x20, 0x20, 0x20, 0x20, 
    0x20, 0x20, 0x20, 0x7d, 0x2c, 0x0d, 0x0a, 0x20, 0x20, 0x20, 0x20, 0x20, 0x20, 0x20, 0x20, 0x20, 
    0x20, 0x20, 0x20, 0x22, 0x4c, 0x69, 0x6e, 0x6b, 0x20, 0x44, 0x69, 0x73, 0x70, 0x6c, 0x61, 0x79, 
    0x65, 0x72, 0x22, 0x3a, 0x20, 0x7b, 0x0d, 0x0a, 0x20, 0x20, 0x20, 0x20, 0x20, 0x20, 0x20, 0x20, 
    0x20, 0x20, 0x20, 0x20, 0x20, 0x20, 0x20, 0x20, 0x22, 0x5f, 0x69, 0x6e, 0x63, 0x6c, 0x75, 0x64, 
    0x65, 0x22, 0x3a, 0x20, 0x22, 0x51, 0x4c, 0x61, 0x79, 0x65, 0x72, 0x73, 0x2f, 0x71, 0x6c, 0x77, 
    0x69, 0x64, 0x67, 0x65, 0x74, 0x2e, 0x6a, 0x73, 0x6f, 0x6e, 0x3a, 0x3a, 0x57, 0x69, 0x64, 0x67, 
    0x65, 0x74, 0x22, 0x2c, 0x0d, 0x0a, 0x20, 0x20, 0x20, 0x20, 0x20, 0x20, 0x20, 0x20, 0x20, 0x20, 
    0x20, 0x20, 0x20, 0x20, 0x20, 0x20, 0x22, 0x61, 0x74, 0x74, 0x72, 0x69, 0x62, 0x75, 0x74, 0x65, 
    0x73, 0x22, 0x3a, 0x20, 0x7b, 0x0d, 0x0a, 0x20, 0x20, 0x20, 0x20, 0x20, 0x20, 0x20, 0x20, 0x20, 
    0x20, 0x20, 0x20, 0x20, 0x20, 0x20, 0x20, 0x20, 0x20, 0x20, 0x20, 0x22, 0x43, 0x6f, 0x72, 0x6e, 
    0x65, 0x72, 0x20, 0x52, 0x61, 0x64, 0x69, 0x69, 0x2e, 0x42, 0x6f, 0x74, 0x74, 0x6f, 0x6d, 0x20, 
    0x4c, 0x65, 0x66, 0x74, 0x22, 0x3a, 0x20, 0x33, 0x2c, 0x0d, 0x0a, 0x20, 0x20, 0x20, 0x20, 0x20, 
    0x20, 0x20, 0x20, 0x20, 0x20, 0x20, 0x20, 0x20, 0x20, 0x20, 0x20, 0x20, 0x20, 0x20, 0x20, 0x22, 
    0x43, 0x6f, 0x72, 0x6e, 0x65, 0x72, 0x20, 0x52, 0x61, 0x64, 0x69, 0x69, 0x2e, 0x42, 0x6f, 0x74, 
    0x74, 0x6f, 0x6d, 0x20, 0x52, 0x69, 0x67, 0x68, 0x74, 0x22, 0x3a, 0x20, 0x33, 0x2c, 0x0d, 0x0a, 
    0x20, 0x20, 0x20, 0x20, 0x20, 0x20, 0x20, 0x20, 0x20, 0x20, 0x20, 0x20, 0x20, 0x20, 0x20, 0x20, 
    0x20, 0x20, 0x20, 0x20, 0x22, 0x43, 0x6f, 0x72, 0x6e, 0x65, 0x72, 0x20, 0x52, 0x61, 0x64, 0x69, 
    0x69, 0x2e, 0x54, 0x6f, 0x70, 0x20, 0x4c, 0x65, 0x66, 0x74, 0x22, 0x3a, 0x20, 0x33, 0x2c, 0x0d, 
    0x0a, 0x20, 0x20, 0x20, 0x20, 0x20, 0x20, 0x20, 0x20, 0x20, 0x20, 0x20, 0x20, 0x20, 0x20, 0x20, 
    0x20, 0x20, 0x20, 0x20, 0x20, 0x22, 0x43, 0x6f, 0x72, 0x6e, 0x65, 0x72, 0x20, 0x52, 0x61, 0x64, 
    0x69, 0x69, 0x2e, 0x54, 0x6f, 0x70, 0x20, 0x52, 0x69, 0x67, 0x68, 0x74, 0x22, 0x3a, 0x20, 0x33, 
    0x2c, 0x0d, 0x0a, 0x20, 0x20, 0x20, 0x20, 0x20, 0x20, 0x20, 0x20, 0x20, 0x20, 0x20, 0x20, 0x20, 
    0x20, 0x20, 0x20, 0x20, 0x20, 0x20, 0x20, 0x22, 0x46, 0x69, 0x6c, 0x6c, 0x22, 0x3a, 0x20, 0x22, 
    0x4c, 0x3a, 0x54, 0x68, 0x65, 0x6d, 0x65, 0x2f, 0x53, 0x65, 0x63, 0x6f, 0x6e, 0x64, 0x61, 0x72, 
    0x79, 0x22, 0x0d, 0x0a, 0x20, 0x20, 0x20, 0x20, 0x20, 0x20, 0x20, 0x20, 0x20, 0x20, 0x20, 0x20, 
    0x20, 0x20, 0x20, 0x20, 0x7d, 0x2c, 0x0d, 0x0a, 0x20, 0x20, 0x20, 0x20, 0x20, 0x20, 0x20, 0x20, 
    0x20, 0x20, 0x20, 0x20, 0x20, 0x20, 0x20, 0x20, 0x22, 0x63, 0x68, 0x69, 0x6c, 0x64, 0x72, 0x65, 
    0x6e, 0x22, 0x3a, 0x20, 0x7b, 0x0d, 0x0a, 0x20, 0x20, 0x20, 0x20, 0x20, 0x20, 0x20, 0x20, 0x20, 
    0x20, 0x20, 0x20, 0x20, 0x20, 0x20, 0x20, 0x20, 0x20, 0x20, 0x20, 0x22, 0x49, 0x63, 0x6f, 0x6e, 
    0x20, 0x4c, 0x61, 0x62, 0x65, 0x6c, 0x22, 0x3a, 0x20, 0x7b, 0x0d, 0x0a, 0x20, 0x20, 0x20, 0x20, 
    0x20, 0x20, 0x20, 0x20, 0x20, 0x20, 0x20, 0x20, 0x20, 0x20, 0x20, 0x20, 0x20, 0x20, 0x20, 0x20, 
    0x20, 0x20, 0x20, 0x20, 0x22, 0x63, 0x68, 0x69, 0x6c, 0x64, 0x72, 0x65, 0x6e, 0x22, 0x3a, 0x20, 
    0x7b, 0x0d, 0x0a, 0x20, 0x20, 0x20, 0x20, 0x20, 0x20, 0x20, 0x20, 0x20, 0x20, 0x20, 0x20, 0x20, 
    0x20, 0x20, 0x20, 0x20, 0x20, 0x20, 0x20, 0x20, 0x20, 0x20, 0x20, 0x20, 0x20, 0x20, 0x20, 0x22, 
    0x53, 0x76, 0x67, 0x22, 0x3a, 0x20, 0x7b, 0x0d, 0x0a, 0x20, 0x20, 0x20, 0x20, 0x20, 0x20, 0x20, 
    0x20, 0x20, 0x20, 0x20, 0x20, 0x20, 0x20, 0x20, 0x20, 0x20, 0x20, 0x20, 0x20, 0x20, 0x20, 0x20, 
    0x20, 0x20, 0x20, 0x20, 0x20, 0x20, 0x20, 0x20, 0x20, 0x22, 0x61, 0x74, 0x74, 0x72, 0x69, 0x62, 
    0x75, 0x74, 0x65, 0x73, 0x22, 0x3a, 0x20, 0x7b, 0x0d, 0x0a, 0x20, 0x20, 0x20, 0x20, 0x20, 0x20, 
    0x20, 0x20, 0x20, 0x20, 0x20, 0x20, 0x20, 0x20, 0x20, 0x20, 0x20, 0x20, 0x20, 0x20, 0x20, 0x20, 
    0x20, 0x20, 0x20, 0x20, 0x20, 0x20, 0x20, 0x20, 0x20, 0x20, 0x20, 0x20, 0x20, 0x20, 0x22, 0x43, 
    0x6f, 0x6c, 0x6f, 0x72, 0x22, 0x3a, 0x20, 0x22, 0x4c, 0x3a, 0x54, 0x68, 0x65, 0x6d, 0x65, 0x2f, 
    0x46, 0x6f, 0x72, 0x65, 0x67, 0x72, 0x6f, 0x75, 0x6e, 0x64, 0x22, 0x0d, 0x0a, 0x20, 0x20, 0x20, 
    0x20, 0x20, 0x20, 0x20, 0x20, 0x20, 0x20, 0x20, 0x20, 0x20, 0x20, 0x20, 0x20, 0x20, 0x20, 0x20, 
    0x20, 0x20, 0x20, 0x20, 0x20, 0x20, 0x20, 0x20, 0x20, 0x20, 0x20, 0x20, 0x20, 0x7d, 0x0d, 0x0a, 
    0x20, 0x20, 0x20, 0x20, 0x20, 0x20, 0x20, 0x20, 0x20, 0x20, 0x20, 0x20, 0x20, 0x20, 0x20, 0x20, 
    0x20, 0x20, 0x20, 0x20, 0x20, 0x20, 0x20, 0x20, 0x20, 0x20, 0x20, 0x20, 0x7d, 0x0d, 0x0a, 0x20, 
    0x20, 0x20, 0x20, 0x20, 0x20, 0x20, 0x20, 0x20, 0x20, 0x20, 0x20, 0x20, 0x20, 0x20, 0x20, 0x20, 
    0x20, 0x20, 0x20, 0x20, 0x20, 0x20, 0x20, 0x7d, 0x0d, 0x0a, 0x20, 0x20, 0x20, 0x20, 0x20, 0x20, 
    0x20, 0x20, 0x20, 0x20, 0x20, 0x20, 0x20, 0x20, 0x20, 0x20, 0x20, 0x20, 0x20, 0x20, 0x7d, 0x2c, 
    0x0d, 0x0a, 0x20, 0x20, 0x20, 0x20, 0x20, 0x20, 0x20, 0x20, 0x20, 0x20, 0x20, 0x20, 0x20, 0x20, 
    0x20, 0x20, 0x20, 0x20, 0x20, 0x20, 0x22, 0x54, 0x65, 0x78, 0x74, 0x20, 0x4c, 0x61, 0x62, 0x65, 
    0x6c, 0x22, 0x3a, 0x20, 0x22, 0x51, 0x4c, 0x61, 0x79, 0x65, 0x72, 0x73, 0x2f, 0x71, 0x6c, 0x6c, 
    0x61, 0x62, 0x65, 0x6c, 0x2e, 0x6a, 0x73, 0x6f, 0x6e, 0x3a, 0x3a, 0x4c, 0x61, 0x62, 0x65, 0x6c, 
    0x22, 0x0d, 0x0a, 0x20, 0x20, 0x20, 0x20, 0x20, 0x20, 0x20, 0x20, 0x20, 0x20, 0x20, 0x20, 0x20, 
    0x20, 0x20, 0x20, 0x7d, 0x0d, 0x0a, 0x20, 0x20, 0x20, 0x20, 0x20, 0x20, 0x20, 0x20, 0x20, 0x20, 
    0x20, 0x20, 0x7d, 0x2c, 0x0d, 0x0a, 0x20, 0x20, 0x20, 0x20, 0x20, 0x20, 0x20, 0x20, 0x20, 0x20, 
    0x20, 0x20, 0x22, 0x4c, 0x69, 0x6e, 0x6b, 0x73, 0x20, 0x57, 0x69, 0x64, 0x67, 0x65, 0x74, 0x22, 
    0x3a, 0x20, 0x7b, 0x0d, 0x0a, 0x20, 0x20, 0x20, 0x20, 0x20, 0x20, 0x20, 0x20, 0x20, 0x20, 0x20, 
    0x20, 0x20, 0x20, 0x20, 0x20, 0x22, 0x5f, 0x69, 0x6e, 0x63, 0x6c, 0x75, 0x64, 0x65, 0x22, 0x3a, 
    0x20, 0x22, 0x51, 0x4c, 0x61, 0x79, 0x65, 0x72, 0x73, 0x2f, 0x71, 0x6c, 0x77, 0x69, 0x64, 0x67, 
    0x65, 0x74, 0x2e, 0x6a, 0x73, 0x6f, 0x6e, 0x3a, 0x3a, 0x57, 0x69, 0x64, 0x67, 0x65, 0x74, 0x22, 
    0x2c, 0x0d, 0x0a, 0x20, 0x20, 0x20, 0x20, 0x20, 0x20, 0x20, 0x20, 0x20, 0x20, 0x20, 0x20, 0x20, 
    0x20, 0x20, 0x20, 0x22, 0x61, 0x74, 0x74, 0x72, 0x69, 0x62, 0x75, 0x74, 0x65, 0x73, 0x22, 0x3a, 
    0x20, 0x7b, 0x0d, 0x0a, 0x20, 0x20, 0x20, 0x20, 0x20, 0x20, 0x20, 0x20, 0x20, 0x20, 0x20, 0x20, 
    0x20, 0x20, 0x20, 0x20, 0x20, 0x20, 0x20, 0x20, 0x22, 0x43, 0x6f, 0x72, 0x6e, 0x65, 0x72, 0x20, 
    0x52, 0x61, 0x64, 0x69, 0x69, 0x2e, 0x42, 0x6f, 0x74, 0x74, 0x6f, 0x6d, 0x20, 0x4c, 0x65, 0x66, 
    0x74, 0x22, 0x3a, 0x20, 0x33, 0x2c, 0x0d, 0x0a, 0x20, 0x20, 0x20, 0x20, 0x20, 0x20, 0x20, 0x20, 
    0x20, 0x20, 0x20, 0x20, 0x20, 0x20, 0x20, 0x20, 0x20, 0x20, 0x20, 0x20, 0x22, 0x43, 0x6f, 0x72, 
    0x6e, 0x65, 0x72, 0x20, 0x52, 0x61, 0x64, 0x69, 0x69, 0x2e, 0x42, 0x6f, 0x74, 0x74, 0x6f, 0x6d, 
    0x20, 0x52, 0x69, 0x67, 0x68, 0x74, 0x22, 0x3a, 0x20, 0x33, 0x2c, 0x0d, 0x0a, 0x20, 0x20, 0x20, 
    0x20, 0x20, 0x20, 0x20, 0x20, 0x20, 0x20, 0x20, 0x20, 0x20, 0x20, 0x20, 0x20, 0x20, 0x20, 0x20, 
    0x20, 0x22, 0x46, 0x69, 0x6c, 0x6c, 0x22, 0x3a, 0x20, 0x22, 0x4c, 0x3a, 0x54, 0x68, 0x65, 0x6d, 
    0x65, 0x2f, 0x50, 0x72, 0x69, 0x6d, 0x61, 0x72, 0x79, 0x22, 0x0d, 0x0a, 0x20, 0x20, 0x20, 0x20, 
    0x20, 0x20, 0x20, 0x20, 0x20, 0x20, 0x20, 0x20, 0x20, 0x20, 0x20, 0x20, 0x7d, 0x2c, 0x0d, 0x0a, 
    0x20, 0x20, 0x20, 0x20, 0x20, 0x20, 0x20, 0x20, 0x20, 0x20, 0x20, 0x20, 0x20, 0x20, 0x20, 0x20, 
    0x22, 0x63, 0x68, 0x69, 0x6c, 0x64, 0x72, 0x65, 0x6e, 0x22, 0x3a, 0x20, 0x7b, 0x0d, 0x0a, 0x20, 
    0x20, 0x20, 0x20, 0x20, 0x20, 0x20, 0x20, 0x20, 0x20, 0x20, 0x20, 0x20, 0x20, 0x20, 0x20, 0x20, 
    0x20, 0x20, 0x20, 0x22, 0x42, 0x72, 0x65, 0x61, 0x6b, 0x20, 0x4c, 0x69, 0x6e, 0x6b, 0x20, 0x42, 
    0x75, 0x74, 0x74, 0x6f, 0x6e, 0x22, 0x3a, 0x20, 0x7b, 0x0d, 0x0a, 0x20, 0x20, 0x20, 0x20, 0x20, 
    0x20, 0x20, 0x20, 0x20, 0x20, 0x20, 0x20, 0x20, 0x20, 0x20, 0x20, 0x20, 0x20, 0x20, 0x20, 0x20, 
    0x20, 0x20, 0x20, 0x22, 0x5f, 0x69, 0x6e, 0x63, 0x6c, 0x75, 0x64, 0x65, 0x22, 0x3a, 0x20, 0x22, 
    0x51, 0x4c, 0x61, 0x79, 0x65, 0x72, 0x73, 0x2f, 0x71, 0x6c, 0x77, 0x69, 0x64, 0x67, 0x65, 0x74, 
    0x2e, 0x6a, 0x73, 0x6f, 0x6e, 0x3a, 0x3a, 0x57, 0x69, 0x64, 0x67, 0x65, 0x74, 0x22, 0x2c, 0x0d, 
    0x0a, 0x20, 0x20, 0x20, 0x20, 0x20, 0x20, 0x20, 0x20, 0x20, 0x20, 0x20, 0x20, 0x20, 0x20, 0x20, 
    0x20, 0x20, 0x20, 0x20, 0x20, 0x20, 0x20, 0x20, 0x20, 0x22, 0x61, 0x74, 0x74, 0x72, 0x69, 0x62, 
    0x75, 0x74, 0x65, 0x73, 0x22, 0x3a, 0x20, 0x7b, 0x0d, 0x0a, 0x20, 0x20, 0x20, 0x20, 0x20, 0x20, 
    0x20, 0x20, 0x20, 0x20, 0x20, 0x20, 0x20, 0x20, 0x20, 0x20, 0x20, 0x20, 0x20, 0x20, 0x20, 0x20, 
    0x20, 0x20, 0x20, 0x20, 0x20, 0x20, 0x22, 0x43, 0x6f, 0x72, 0x6e, 0x65, 0x72, 0x20, 0x52, 0x61, 
    0x64, 0x69, 0x69, 0x2e, 0x42, 0x6f, 0x74, 0x74, 0x6f, 0x6d, 0x20, 0x4c, 0x65, 0x66, 0x74, 0x22, 
    0x3a, 0x20, 0x34, 0x2c, 0x0d, 0x0a, 0x20, 0x20, 0x20, 0x20, 0x20, 0x20, 0x20, 0x20, 0x20, 0x20, 
    0x20, 0x20, 0x20, 0x20, 0x20, 0x20, 0x20, 0x20, 0x20, 0x20, 0x20, 0x20, 0x20, 0x20, 0x20, 0x20, 
    0x20, 0x20, 0x22, 0x43, 0x6f, 0x72, 0x6e, 0x65, 0x72, 0x20, 0x52, 0x61, 0x64, 0x69, 0x69, 0x2e, 
    0x42, 0x6f, 0x74, 0x74, 0x6f, 0x6d, 0x20, 0x52, 0x69, 0x67, 0x68, 0x74, 0x22, 0x3a, 0x20, 0x34, 
    0x2c, 0x0d, 0x0a, 0x20, 0x20, 0x20, 0x20, 0x20, 0x20, 0x20, 0x20, 0x20, 0x20, 0x20, 0x20, 0x20, 
    0x20, 0x20, 0x20, 0x20, 0x20, 0x20, 0x20, 0x20, 0x20, 0x20, 0x20, 0x20, 0x20, 0x20, 0x20, 0x22, 
    0x43, 0x6f, 0x72, 0x6e, 0x65, 0x72, 0x20, 0x52, 0x61, 0x64, 0x69, 0x69, 0x2e, 0x54, 0x6f, 0x70, 
    0x20, 0x4c, 0x65, 0x66, 0x74, 0x22, 0x3a, 0x20, 0x34, 0x2c, 0x0d, 0x0a, 0x20, 0x20, 0x20, 0x20, 
    0x20, 0x20, 0x20, 0x20, 0x20, 0x20, 0x20, 0x20, 0x20, 0x20, 0x20, 0x20, 0x20, 0x20, 0x20, 0x20, 
    0x20, 0x20, 0x20, 0x20, 0x20, 0x20, 0x20, 0x20, 0x22, 0x43, 0x6f, 0x72, 0x6e, 0x65, 0x72, 0x20, 
    0x52, 0x61, 0x64, 0x69, 0x69, 0x2e, 0x54, 0x6f, 0x70, 0x20, 0x52, 0x69, 0x67, 0x68, 0x74, 0x22, 
    0x3a, 0x20, 0x34, 0x2c, 0x0d, 0x0a, 0x20, 0x20, 0x20, 0x20, 0x20, 0x20, 0x20, 0x20, 0x20, 0x20, 
    0x20, 0x20, 0x20, 0x20, 0x20, 0x20, 0x20, 0x20, 0x20, 0x20, 0x20, 0x20, 0x20, 0x20, 0x20, 0x20, 
    0x20, 0x20, 0x22, 0x46, 0x69, 0x6c, 0x6c, 0x22, 0x3a, 0x20, 0x22, 0x4c, 0x3a, 0x54, 0x68, 0x65, 
    0x6d, 0x65, 0x2f, 0x54, 0x65, 0x72, 0x74, 0x69, 0x61, 0x72, 0x79, 0x22, 0x0d, 0x0a, 0x20, 0x20, 
    0x20, 0x20, 0x20, 0x20, 0x20, 0x20, 0x20, 0x20, 0x20, 0x20, 0x20, 0x20, 0x20, 0x20, 0x20, 0x20, 
    0x20, 0x20, 0x20, 0x20, 0x20, 0x20, 0x7d, 0x2c, 0x0d, 0x0a, 0x20, 0x20, 0x20, 0x20, 0x20, 0x20, 
    0x20, 0x20, 0x20, 0x20, 0x20, 0x20, 0x20, 0x20, 0x20, 0x20, 0x20, 0x20, 0x20, 0x20, 0x20, 0x20, 
    0x20, 0x20, 0x22, 0x63, 0x68, 0x69, 0x6c, 0x64, 0x72, 0x65, 0x6e, 0x22, 0x3a, 0x20, 0x7b, 0x0d, 
    0x0a, 0x20, 0x20, 0x20, 0x20, 0x20, 0x20, 0x20, 0x20, 0x20, 0x20, 0x20, 0x20, 0x20, 0x20, 0x20, 
    0x20, 0x20, 0x20, 0x20, 0x20, 0x20, 0x20, 0x20, 0x20, 0x20, 0x20, 0x20, 0x20, 0x22, 0x47, 0x72, 
    0x61, 0x70, 0x68, 0x69, 0x63, 0x22, 0x3a, 0x20, 0x7b, 0x0d, 0x0a, 0x20, 0x20, 0x20, 0x20, 0x20, 
    0x20, 0x20, 0x20, 0x20, 0x20, 0x20, 0x20, 0x20, 0x20, 0x20, 0x20, 0x20, 0x20, 0x20, 0x20, 0x20, 
    0x20, 0x20, 0x20, 0x20, 0x20, 0x20, 0x20, 0x20, 0x20, 0x20, 0x20, 0x22, 0x63, 0x68, 0x69, 0x6c, 
    0x64, 0x72, 0x65, 0x6e, 0x22, 0x3a, 0x20, 0x7b, 0x0d, 0x0a, 0x20, 0x20, 0x20, 0x20, 0x20, 0x20, 
    0x20, 0x20, 0x20, 0x20, 0x20, 0x20, 0x20, 0x20, 0x20, 0x20, 0x20, 0x20, 0x20, 0x20, 0x20, 0x20, 
    0x20, 0x20, 0x20, 0x20, 0x20, 0x20, 0x20, 0x20, 0x20, 0x20, 0x20, 0x20, 0x20, 0x20, 0x22, 0x53, 
    0x76, 0x67, 0x22, 0x3a, 0x20, 0x7b, 0x0d, 0x0a, 0x20, 0x20, 0x20, 0x20, 0x20, 0x20, 0x20, 0x20, 
    0x20, 0x20, 0x20, 0x20, 0x20, 0x20, 0x20, 0x20, 0x20, 0x20, 0x20, 0x20, 0x20, 0x20, 0x20, 0x20, 
    0x20, 0x20, 0x20, 0x20, 0x20, 0x20, 0x20, 0x20, 0x20, 0x20, 0x20, 0x20, 0x20, 0x20, 0x20, 0x20, 
    0x22, 0x61, 0x74, 0x74, 0x72, 0x69, 0x62, 0x75, 0x74, 0x65, 0x73, 0x22, 0x3a, 0x20, 0x7b, 0x0d, 
    0x0a, 0x20, 0x20, 0x20, 0x20, 0x20, 0x20, 0x20, 0x20, 0x20, 0x20, 0x20, 0x20, 0x20, 0x20, 0x20, 
    0x20, 0x20, 0x20, 0x20, 0x20, 0x20, 0x20, 0x20, 0x20, 0x20, 0x20, 0x20, 0x20, 0x20, 0x20, 0x20, 
    0x20, 0x20, 0x20, 0x20, 0x20, 0x20, 0x20, 0x20, 0x20, 0x20, 0x20, 0x20, 0x20, 0x22, 0x43, 0x6f, 
    0x6c, 0x6f, 0x72, 0x22, 0x3a, 0x20, 0x22, 0x23, 0x64, 0x39, 0x36, 0x38, 0x37, 0x62, 0x22, 0x0d, 
    0x0a, 0x20, 0x20, 0x20, 0x20, 0x20, 0x20, 0x20, 0x20, 0x20, 0x20, 0x20, 0x20, 0x20, 0x20, 0x20, 
    0x20, 0x20, 0x20, 0x20, 0x20, 0x20, 0x20, 0x20, 0x20, 0x20, 0x20, 0x20, 0x20, 0x20, 0x20, 0x20, 
    0x20, 0x20, 0x20, 0x20, 0x20, 0x20, 0x20, 0x20, 0x20, 0x7d, 0x0d, 0x0a, 0x20, 0x20, 0x20, 0x20, 
    0x20, 0x20, 0x20, 0x20, 0x20, 0x20, 0x20, 0x20, 0x20, 0x20, 0x20, 0x20, 0x20, 0x20, 0x20, 0x20, 
    0x20, 0x20, 0x20, 0x20, 0x20, 0x20, 0x20, 0x20, 0x20, 0x20, 0x20, 0x20, 0x20, 0x20, 0x20, 0x20, 
    0x7d, 0x0d, 0x0a, 0x20, 0x20, 0x20, 0x20, 0x20, 0x20, 0x20, 0x20, 0x20, 0x20, 0x20, 0x20, 0x20, 
    0x20, 0x20, 0x20, 0x20, 0x20, 0x20, 0x20, 0x20, 0x20, 0x20, 0x20, 0x20, 0x20, 0x20, 0x20, 0x20, 
    0x20, 0x20, 0x20, 0x7d, 0x0d, 0x0a, 0x20, 0x20, 0x20, 0x20, 0x20, 0x20, 0x20, 0x20, 0x20, 0x20, 
    0x20, 0x20, 0x20, 0x20, 0x20, 0x20, 0x20, 0x20, 0x20, 0x20, 0x20, 0x20, 0x20, 0x20, 0x20, 0x20, 
    0x20, 0x20, 0x7d, 0x2c, 0x0d, 0x0a, 0x20, 0x20, 0x20, 0x20, 0x20, 0x20, 0x20, 0x20, 0x20, 0x20, 
    0x20, 0x20, 0x20, 0x20, 0x20, 0x20, 0x20, 0x20, 0x20, 0x20, 0x20, 0x20, 0x20, 0x20, 0x20, 0x20, 
    0x20, 0x20, 0x22, 0x54, 0x65, 0x78, 0x74, 0x20, 0x4c, 0x61, 0x62, 0x65, 0x6c, 0x22, 0x3a, 0x20, 
    0x22, 0x51, 0x4c, 0x61, 0x79, 0x65, 0x72, 0x73, 0x2f, 0x71, 0x6c, 0x6c, 0x61, 0x62, 0x65, 0x6c, 
    0x2e, 0x6a, 0x73, 0x6f, 0x6e, 0x3a, 0x3a, 0x4c, 0x61, 0x62, 0x65, 0x6c, 0x22, 0x0d, 0x0a, 0x20, 
    0x20, 0x20, 0x20, 0x20, 0x20, 0x20, 0x20, 0x20, 0x20, 0x20, 0x20, 0x20, 0x20, 0x20, 0x20, 0x20, 
    0x20, 0x20, 0x20, 0x20, 0x20, 0x20, 0x20, 0x7d, 0x0d, 0x0a, 0x20, 0x20, 0x20, 0x20, 0x20, 0x20, 
    0x20, 0x20, 0x20, 0x20, 0x20, 0x20, 0x20, 0x20, 0x20, 0x20, 0x20, 0x20, 0x20, 0x20, 0x7d, 0x2c, 
    0x0d, 0x0a, 0x20, 0x20, 0x20, 0x20, 0x20, 0x20, 0x20, 0x20, 0x20, 0x20, 0x20, 0x20, 0x20, 0x20, 
    0x20, 0x20, 0x20, 0x20, 0x20, 0x20, 0x22, 0x4c, 0x69, 0x6e, 0x6b, 0x73, 0x20, 0x56, 0x69, 0x65, 
    0x77, 0x22, 0x3a, 0x20, 0x7b, 0x0d, 0x0a, 0x20, 0x20, 0x20, 0x20, 0x20, 0x20, 0x20, 0x20, 0x20, 
    0x20, 0x20, 0x20, 0x20, 0x20, 0x20, 0x20, 0x20, 0x20, 0x20, 0x20, 0x20, 0x20, 0x20, 0x20, 0x22, 
    0x61, 0x74, 0x74, 0x72, 0x69, 0x62, 0x75, 0x74, 0x65, 0x73, 0x22, 0x3a, 0x20, 0x7b, 0x0d, 0x0a, 
    0x20, 0x20, 0x20, 0x20, 0x20, 0x20, 0x20, 0x20, 0x20, 0x20, 0x20, 0x20, 0x20, 0x20, 0x20, 0x20, 
    0x20, 0x20, 0x20, 0x20, 0x20, 0x20, 0x20, 0x20, 0x20, 0x20, 0x20, 0x20, 0x22, 0x54, 0x65, 0x78, 
    0x74, 0x20, 0x43, 0x6f, 0x6c, 0x6f, 0x72, 0x22, 0x3a, 0x20, 0x22, 0x4c, 0x3a, 0x54, 0x68, 0x65, 
    0x6d, 0x65, 0x2f, 0x46, 0x6f, 0x72, 0x65, 0x67, 0x72, 0x6f, 0x75, 0x6e, 0x64, 0x22, 0x0d, 0x0a, 
    0x20, 0x20, 0x20, 0x20, 0x20, 0x20, 0x20, 0x20, 0x20, 0x20, 0x20, 0x20, 0x20, 0x20, 0x20, 0x20, 
    0x20, 0x20, 0x20, 0x20, 0x20, 0x20, 0x20, 0x20, 0x7d, 0x2c, 0x0d, 0x0a, 0x20, 0x20, 0x20, 0x20, 
    0x20, 0x20, 0x20, 0x20, 0x20, 0x20, 0x20, 0x20, 0x20, 0x20, 0x20, 0x20, 0x20, 0x20, 0x20, 0x20, 
    0x20, 0x20, 0x20, 0x20, 0x22, 0x63, 0x68, 0x69, 0x6c, 0x64, 0x72, 0x65, 0x6e, 0x22, 0x3a, 0x20, 
    0x7b, 0x0d, 0x0a, 0x20, 0x20, 0x20, 0x20, 0x20, 0x20, 0x20, 0x20, 0x20, 0x20, 0x20, 0x20, 0x20, 
    0x20, 0x20, 0x20, 0x20, 0x20, 0x20, 0x20, 0x20, 0x20, 0x20, 0x20, 0x20, 0x20, 0x20, 0x20, 0x22, 
    0x44, 0x65, 0x70, 0x65, 0x6e, 0x64, 0x65, 0x6e, 0x74, 0x20, 0x41, 0x72, 0x72, 0x6f, 0x77, 0x20, 
    0x53, 0x76, 0x67, 0x22, 0x3a, 0x20, 0x7b, 0x0d, 0x0a, 0x20, 0x20, 0x20, 0x20, 0x20, 0x20, 0x20, 
    0x20, 0x20, 0x20, 0x20, 0x20, 0x20, 0x20, 0x20, 0x20, 0x20, 0x20, 0x20, 0x20, 0x20, 0x20, 0x20, 
    0x20, 0x20, 0x20, 0x20, 0x20, 0x20, 0x20, 0x20, 0x20, 0x22, 0x61, 0x74, 0x74, 0x72, 0x69, 0x62, 
    0x75, 0x74, 0x65, 0x73, 0x22, 0x3a, 0x20, 0x7b, 0x0d, 0x0a, 0x20, 0x20, 0x20, 0x20, 0x20, 0x20, 
    0x20, 0x20, 0x20, 0x20, 0x20, 0x20, 0x20, 0x20, 0x20, 0x20, 0x20, 0x20, 0x20, 0x20, 0x20, 0x20, 
    0x20, 0x20, 0x20, 0x20, 0x20, 0x20, 0x20, 0x20, 0x20, 0x20, 0x20, 0x20, 0x20, 0x20, 0x22, 0x43, 
    0x6f, 0x6c, 0x6f, 0x72, 0x22, 0x3a, 0x20, 0x22, 0x4c, 0x3a, 0x54, 0x68, 0x65, 0x6d, 0x65, 0x2f, 
    0x54, 0x65, 0x72, 0x74, 0x69, 0x61, 0x72, 0x79, 0x22, 0x0d, 0x0a, 0x20, 0x20, 0x20, 0x20, 0x20, 
    0x20, 0x20, 0x20, 0x20, 0x20, 0x20, 0x20, 0x20, 0x20, 0x20, 0x20, 0x20, 0x20, 0x20, 0x20, 0x20, 
    0x20, 0x20, 0x20, 0x20, 0x20, 0x20, 0x20, 0x20, 0x20, 0x20, 0x20, 0x7d, 0x0d, 0x0a, 0x20, 0x20, 
    0x20, 0x20, 0x20, 0x20, 0x20, 0x20, 0x20, 0x20, 0x20, 0x20, 0x20, 0x20, 0x20, 0x20, 0x20, 0x20, 
    0x20, 0x20, 0x20, 0x20, 0x20, 0x20, 0x20, 0x20, 0x20, 0x20, 0x7d, 0x2c, 0x0d, 0x0a, 0x20, 0x20, 
    0x20, 0x20, 0x20, 0x20, 0x20, 0x20, 0x20, 0x20, 0x20, 0x20, 0x20, 0x20, 0x20, 0x20, 0x20, 0x20, 
    0x20, 0x20, 0x20, 0x20, 0x20, 0x20, 0x20, 0x20, 0x20, 0x20, 0x22, 0x44, 0x6f, 0x74, 0x20, 0x53, 
    0x76, 0x67, 0x22, 0x3a, 0x20, 0x7b, 0x0d, 0x0a, 0x20, 0x20, 0x20, 0x20, 0x20, 0x20, 0x20, 0x20, 
    0x20, 0x20, 0x20, 0x20, 0x20, 0x20, 0x20, 0x20, 0x20, 0x20, 0x20, 0x20, 0x20, 0x20, 0x20, 0x20, 
    0x20, 0x20, 0x20, 0x20, 0x20, 0x20, 0x20, 0x20, 0x22, 0x61, 0x74, 0x74, 0x72, 0x69, 0x62, 0x75, 
    0x74, 0x65, 0x73, 0x22, 0x3a, 0x20, 0x7b, 0x0d, 0x0a, 0x20, 0x20, 0x20, 0x20, 0x20, 0x20, 0x20, 
    0x20, 0x20, 0x20, 0x20, 0x20, 0x20, 0x20, 0x20, 0x20, 0x20, 0x20, 0x20, 0x20, 0x20, 0x20, 0x20, 
    0x20, 0x20, 0x20, 0x20, 0x20, 0x20, 0x20, 0x20, 0x20, 0x20, 0x20, 0x20, 0x20, 0x22, 0x43, 0x6f, 
    0x6c, 0x6f, 0x72, 0x22, 0x3a, 0x20, 0x22, 0x4c, 0x3a, 0x54, 0x68, 0x65, 0x6d, 0x65, 0x2f, 0x46, 
    0x6f, 0x72, 0x65, 0x67, 0x72, 0x6f, 0x75, 0x6e, 0x64, 0x22, 0x0d, 0x0a, 0x20, 0x20, 0x20, 0x20, 
    0x20, 0x20, 0x20, 0x20, 0x20, 0x20, 0x20, 0x20, 0x20, 0x20, 0x20, 0x20, 0x20, 0x20, 0x20, 0x20, 
    0x20, 0x20, 0x20, 0x20, 0x20, 0x20, 0x20, 0x20, 0x20, 0x20, 0x20, 0x20, 0x7d, 0x0d, 0x0a, 0x20, 
    0x20, 0x20, 0x20, 0x20, 0x20, 0x20, 0x20, 0x20, 0x20, 0x20, 0x20, 0x20, 0x20, 0x20, 0x20, 0x20, 
    0x20, 0x20, 0x20, 0x20, 0x20, 0x20, 0x20, 0x20, 0x20, 0x20, 0x20, 0x7d, 0x2c, 0x0d, 0x0a, 0x20, 
    0x20, 0x20, 0x20, 0x20, 0x20, 0x20, 0x20, 0x20, 0x20, 0x20, 0x20, 0x20, 0x20, 0x20, 0x20, 0x20, 
    0x20, 0x20, 0x20, 0x20, 0x20, 0x20, 0x20, 0x20, 0x20, 0x20, 0x20, 0x22, 0x4c, 0x69, 0x6e, 0x6b, 
    0x20, 0x41, 0x72, 0x72, 0x6f, 0x77, 0x20, 0x53, 0x76, 0x67, 0x22, 0x3a, 0x20, 0x7b, 0x0d, 0x0a, 
    0x20, 0x20, 0x20, 0x20, 0x20, 0x20, 0x20, 0x20, 0x20, 0x20, 0x20, 0x20, 0x20, 0x20, 0x20, 0x20, 
    0x20, 0x20, 0x20, 0x20, 0x20, 0x20, 0x20, 0x20, 0x20, 0x20, 0x20, 0x20, 0x20, 0x20, 0x20, 0x20, 
    0x22, 0x61, 0x74, 0x74, 0x72, 0x69, 0x62, 0x75, 0x74, 0x65, 0x73, 0x22, 0x3a, 0x20, 0x7b, 0x0d, 
    0x0a, 0x20, 0x20, 0x20, 0x20, 0x20, 0x20, 0x20, 0x20, 0x20, 0x20, 0x20, 0x20, 0x20, 0x20, 0x20, 
    0x20, 0x20, 0x20, 0x20, 0x20, 0x20, 0x20, 0x20, 0x20, 0x20, 0x20, 0x20, 0x20, 0x20, 0x20, 0x20, 
    0x20, 0x20, 0x20, 0x20, 0x20, 0x22, 0x43, 0x6f, 0x6c, 0x6f, 0x72, 0x22, 0x3a, 0x20, 0x22, 0x4c, 
    0x3a, 0x54, 0x68, 0x65, 0x6d, 0x65, 0x2f, 0x54, 0x65, 0x72, 0x74, 0x69, 0x61, 0x72, 0x79, 0x22, 
    0x0d, 0x0a, 0x20, 0x20, 0x20, 0x20, 0x20, 0x20, 0x20, 0x20, 0x20, 0x20, 0x20, 0x20, 0x20, 0x20, 
    0x20, 0x20, 0x20, 0x20, 0x20, 0x20, 0x20, 0x20, 0x20, 0x20, 0x20, 0x20, 0x20, 0x20, 0x20, 0x20, 
    0x20, 0x20, 0x7d, 0x0d, 0x0a, 0x20, 0x20, 0x20, 0x20, 0x20, 0x20, 0x20, 0x20, 0x20, 0x20, 0x20, 
    0x20, 0x20, 0x20, 0x20, 0x20, 0x20, 0x20, 0x20, 0x20, 0x20, 0x20, 0x20, 0x20, 0x20, 0x20, 0x20, 
    0x20, 0x7d, 0x0d, 0x0a, 0x20, 0x20, 0x20, 0x20, 0x20, 0x20, 0x20, 0x20, 0x20, 0x20, 0x20, 0x20, 
    0x20, 0x20, 0x20, 0x20, 0x20, 0x20, 0x20, 0x20, 0x20, 0x20, 0x20, 0x20, 0x7d, 0x0d, 0x0a, 0x20, 
    0x20, 0x20, 0x20, 0x20, 0x20, 0x20, 0x20, 0x20, 0x20, 0x20, 0x20, 0x20, 0x20, 0x20, 0x20, 0x20, 
    0x20, 0x20, 0x20, 0x7d, 0x2c, 0x0d, 0x0a, 0x20, 0x20, 0x20, 0x20, 0x20, 0x20, 0x20, 0x20, 0x20, 
    0x20, 0x20, 0x20, 0x20, 0x20, 0x20, 0x20, 0x20, 0x20, 0x20, 0x20, 0x22, 0x4e, 0x65, 0x77, 0x20, 
    0x4c, 0x69, 0x6e, 0x6b, 0x20, 0x42, 0x75, 0x74, 0x74, 0x6f, 0x6e, 0x22, 0x3a, 0x20, 0x7b, 0x0d, 
    0x0a, 0x20, 0x20, 0x20, 0x20, 0x20, 0x20, 0x20, 0x20, 0x20, 0x20, 0x20, 0x20, 0x20, 0x20, 0x20, 
    0x20, 0x20, 0x20, 0x20, 0x20, 0x20, 0x20, 0x20, 0x20, 0x22, 0x5f, 0x69, 0x6e, 0x63, 0x6c, 0x75, 
    0x64, 0x65, 0x22, 0x3a, 0x20, 0x22, 0x51, 0x4c, 0x61, 0x79, 0x65, 0x72, 0x73, 0x2f, 0x71, 0x6c, 
    0x77, 0x69, 0x64, 0x67, 0x65, 0x74, 0x2e, 0x6a, 0x73, 0x6f, 0x6e, 0x3a, 0x3a, 0x57, 0x69, 0x64, 
    0x67, 0x65, 0x74, 0x22, 0x2c, 0x0d, 0x0a, 0x20, 0x20, 0x20, 0x20, 0x20, 0x20, 0x20, 0x20, 0x20, 
    0x20, 0x20, 0x20, 0x20, 0x20, 0x20, 0x20, 0x20, 0x20, 0x20, 0x20, 0x20, 0x20, 0x20, 0x20, 0x22, 
    0x61, 0x74, 0x74, 0x72, 0x69, 0x62, 0x75, 0x74, 0x65, 0x73, 0x22, 0x3a, 0x20, 0x7b, 0x0d, 0x0a, 
    0x20, 0x20, 0x20, 0x20, 0x20, 0x20, 0x20, 0x20, 0x20, 0x20, 0x20, 0x20, 0x20, 0x20, 0x20, 0x20, 
    0x20, 0x20, 0x20, 0x20, 0x20, 0x20, 0x20, 0x20, 0x20, 0x20, 0x20, 0x20, 0x22, 0x43, 0x6f, 0x72, 
    0x6e, 0x65, 0x72, 0x20, 0x52, 0x61, 0x64, 0x69, 0x69, 0x2e, 0x42, 0x6f, 0x74, 0x74, 0x6f, 0x6d, 
    0x20, 0x4c, 0x65, 0x66, 0x74, 0x22, 0x3a, 0x20, 0x34, 0x2c, 0x0d, 0x0a, 0x20, 0x20, 0x20, 0x20, 
    0x20, 0x20, 0x20, 0x20, 0x20, 0x20, 0x20, 0x20, 0x20, 0x20, 0x20, 0x20, 0x20, 0x20, 0x20, 0x20, 
    0x20, 0x20, 0x20, 0x20, 0x20, 0x20, 0x20, 0x20, 0x22, 0x43, 0x6f, 0x72, 0x6e, 0x65, 0x72, 0x20, 
    0x52, 0x61, 0x64, 0x69, 0x69, 0x2e, 0x42, 0x6f, 0x74, 0x74, 0x6f, 0x6d, 0x20, 0x52, 0x69, 0x67, 
    0x68, 0x74, 0x22, 0x3a, 0x20, 0x34, 0x2c, 0x0d, 0x0a, 0x20, 0x20, 0x20, 0x20, 0x20, 0x20, 0x20, 
    0x20, 0x20, 0x20, 0x20, 0x20, 0x20, 0x20, 0x20, 0x20, 0x20, 0x20, 0x20, 0x20, 0x20, 0x20, 0x20, 
    0x20, 0x20, 0x20, 0x20, 0x20, 0x22, 0x43, 0x6f, 0x72, 0x6e, 0x65, 0x72, 0x20, 0x52, 0x61, 0x64, 
    0x69, 0x69, 0x2e, 0x54, 0x6f, 0x70, 0x20, 0x4c, 0x65, 0x66, 0x74, 0x22, 0x3a, 0x20, 0x34, 0x2c, 
    0x0d, 0x0a, 0x20, 0x20, 0x20, 0x20, 0x20, 0x20, 0x20, 0x20, 0x20, 0x20, 0x20, 0x20, 0x20, 0x20, 
    0x20, 0x20, 0x20, 0x20, 0x20, 0x20, 0x20, 0x20, 0x20, 0x20, 0x20, 0x20, 0x20, 0x20, 0x22, 0x43, 
    0x6f, 0x72, 0x6e, 0x65, 0x72, 0x20, 0x52, 0x61, 0x64, 0x69, 0x69, 0x2e, 0x54, 0x6f, 0x70, 0x20, 
    0x52, 0x69, 0x67, 0x68, 0x74, 0x22, 0x3a, 0x20, 0x34, 0x2c, 0x0d, 0x0a, 0x20, 0x20, 0x20, 0x20, 
    0x20, 0x20, 0x20, 0x20, 0x20, 0x20, 0x20, 0x20, 0x20, 0x20, 0x20, 0x20, 0x20, 0x20, 0x20, 0x20, 
    0x20, 0x20, 0x20, 0x20, 0x20, 0x20, 0x20, 0x20, 0x22, 0x46, 0x69, 0x6c, 0x6c, 0x22, 0x3a, 0x20, 
    0x22, 0x4c, 0x3a, 0x54, 0x68, 0x65, 0x6d, 0x65, 0x2f, 0x54, 0x65, 0x72, 0x74, 0x69, 0x61, 0x72, 
    0x79, 0x22, 0x0d, 0x0a, 0x20, 0x20, 0x20, 0x20, 0x20, 0x20, 0x20, 0x20, 0x20, 0x20, 0x20, 0x20, 
    0x20, 0x20, 0x20, 0x20, 0x20, 0x20, 0x20, 0x20, 0x20, 0x20, 0x20, 0x20, 0x7d, 0x2c, 0x0d, 0x0a, 
    0x20, 0x20, 0x20, 0x20, 0x20, 0x20, 0x20, 0x20, 0x20, 0x20, 0x20, 0x20, 0x20, 0x20, 0x20, 0x20, 
    0x20, 0x20, 0x20, 0x20, 0x20, 0x20, 0x20, 0x20, 0x22, 0x63, 0x68, 0x69, 0x6c, 0x64, 0x72, 0x65, 
    0x6e, 0x22, 0x3a, 0x20, 0x7b, 0x0d, 0x0a, 0x20, 0x20, 0x20, 0x20, 0x20, 0x20, 0x20, 0x20, 0x20, 
    0x20, 0x20, 0x20, 0x20, 0x20, 0x20, 0x20, 0x20, 0x20, 0x20, 0x20, 0x20, 0x20, 0x20, 0x20, 0x20, 
    0x20, 0x20, 0x20, 0x22, 0x47, 0x72, 0x61, 0x70, 0x68, 0x69, 0x63, 0x22, 0x3a, 0x20, 0x7b, 0x0d, 
    0x0a, 0x20, 0x20, 0x20, 0x20, 0x20, 0x20, 0x20, 0x20, 0x20, 0x20, 0x20, 0x20, 0x20, 0x20, 0x20, 
    0x20, 0x20, 0x20, 0x20, 0x20, 0x20, 0x20, 0x20, 0x20, 0x20, 0x20, 0x20, 0x20, 0x20, 0x20, 0x20, 
    0x20, 0x22, 0x63, 0x68, 0x69, 0x6c, 0x64, 0x72, 0x65, 0x6e, 0x22, 0x3a, 0x20, 0x7b, 0x0d, 0x0a, 
    0x20, 0x20, 0x20, 0x20, 0x20, 0x20, 0x20, 0x20, 0x20, 0x20, 0x20, 0x20, 0x20, 0x20, 0x20, 0x20, 
    0x20, 0x20, 0x20, 0x20, 0x20, 0x20, 0x20, 0x20, 0x20, 0x20, 0x20, 0x20, 0x20, 0x20, 0x20, 0x20, 
    0x20, 0x20, 0x20, 0x20, 0x22, 0x53, 0x76, 0x67, 0x22, 0x3a, 0x20, 0x7b, 0x0d, 0x0a, 0x20, 0x20, 
    0x20, 0x20, 0x20, 0x20, 0x20, 0x20, 0x20, 0x20, 0x20, 0x20, 0x20, 0x20, 0x20, 0x20, 0x20, 0x20, 
    0x20, 0x20, 0x20, 0x20, 0x20, 0x20, 0x20, 0x20, 0x20, 0x20, 0x20, 0x20, 0x20, 0x20, 0x20, 0x20, 
    0x20, 0x20, 0x20, 0x20, 0x20, 0x20, 0x22, 0x61, 0x74, 0x74, 0x72, 0x69, 0x62, 0x75, 0x74, 0x65, 
    0x73, 0x22, 0x3a, 0x20, 0x7b, 0x0d, 0x0a, 0x20, 0x20, 0x20, 0x20, 0x20, 0x20, 0x20, 0x20, 0x20, 
    0x20, 0x20, 0x20, 0x20, 0x20, 0x20, 0x20, 0x20, 0x20, 0x20, 0x20, 0x20, 0x20, 0x20, 0x20, 0x20, 
    0x20, 0x20, 0x20, 0x20, 0x20, 0x20, 0x20, 0x20, 0x20, 0x20, 0x20, 0x20, 0x20, 0x20, 0x20, 0x20, 
    0x20, 0x20, 0x20, 0x22, 0x43, 0x6f, 0x6c, 0x6f, 0x72, 0x22, 0x3a, 0x20, 0x22, 0x23, 0x36, 0x66, 
    0x63, 0x36, 0x35, 0x34, 0x22, 0x0d, 0x0a, 0x20, 0x20, 0x20, 0x20, 0x20, 0x20, 0x20, 0x20, 0x20, 
    0x20, 0x20, 0x20, 0x20, 0x20, 0x20, 0x20, 0x20, 0x20, 0x20, 0x20, 0x20, 0x20, 0x20, 0x20, 0x20, 
    0x20, 0x20, 0x20, 0x20, 0x20, 0x20, 0x20, 0x20, 0x20, 0x20, 0x20, 0x20, 0x20, 0x20, 0x20, 0x7d, 
    0x0d, 0x0a, 0x20, 0x20, 0x20, 0x20, 0x20, 0x20, 0x20, 0x20, 0x20, 0x20, 0x20, 0x20, 0x20, 0x20, 
    0x20, 0x20, 0x20, 0x20, 0x20, 0x20, 0x20, 0x20, 0x20, 0x20, 0x20, 0x20, 0x20, 0x20, 0x20, 0x20, 
    0x20, 0x20, 0x20, 0x20, 0x20, 0x20, 0x7d, 0x0d, 0x0a, 0x20, 0x20, 0x20, 0x20, 0x20, 0x20, 0x20, 
    0x20, 0x20, 0x20, 0x20, 0x20, 0x20, 0x20, 0x20, 0x20, 0x20, 0x20, 0x20, 0x20, 0x20, 0x20, 0x20, 
    0x20, 0x20, 0x20, 0x20, 0x20, 0x20, 0x20, 0x20, 0x20, 0x7d, 0x0d, 0x0a, 0x20, 0x20, 0x20, 0x20, 
    0x20, 0x20, 0x20, 0x20, 0x20, 0x20, 0x20, 0x20, 0x20, 0x20, 0x20, 0x20, 0x20, 0x20, 0x20, 0x20, 
    0x20, 0x20, 0x20, 0x20, 0x20, 0x20, 0x20, 0x20, 0x7d, 0x2c, 0x0d, 0x0a, 0x20, 0x20, 0x20, 0x20, 
    0x20, 0x20, 0x20, 0x20, 0x20, 0x20, 0x20, 0x20, 0x20, 0x20, 0x20, 0x20, 0x20, 0x20, 0x20, 0x20, 
    0x20, 0x20, 0x20, 0x20, 0x20, 0x20, 0x20, 0x20, 0x22, 0x54, 0x65, 0x78, 0x74, 0x20, 0x4c, 0x61, 
    0x62, 0x65, 0x6c, 0x22, 0x3a, 0x20, 0x22, 0x51, 0x4c, 0x61, 0x79, 0x65, 0x72, 0x73, 0x2f, 0x71, 
    0x6c, 0x6c, 0x61, 0x62, 0x65, 0x6c, 0x2e, 0x6a, 0x73, 0x6f, 0x6e, 0x3a, 0x3a, 0x4c, 0x61, 0x62, 
    0x65, 0x6c, 0x22, 0x0d, 0x0a, 0x20, 0x20, 0x20, 0x20, 0x20, 0x20, 0x20, 0x20, 0x20, 0x20, 0x20, 
    0x20, 0x20, 0x20, 0x20, 0x20, 0x20, 0x20, 0x20, 0x20, 0x20, 0x20, 0x20, 0x20, 0x7d, 0x0d, 0x0a, 
    0x20, 0x20, 0x20, 0x20, 0x20, 0x20, 0x20, 0x20, 0x20, 0x20, 0x20, 0x20, 0x20, 0x20, 0x20, 0x20, 
    0x20, 0x20, 0x20, 0x20, 0x7d, 0x0d, 0x0a, 0x20, 0x20, 0x20, 0x20, 0x20, 0x20, 0x20, 0x20, 0x20, 
    0x20, 0x20, 0x20, 0x20, 0x20, 0x20, 0x20, 0x7d, 0x0d, 0x0a, 0x20, 0x20, 0x20, 0x20, 0x20, 0x20, 
    0x20, 0x20, 0x20, 0x20, 0x20, 0x20, 0x7d, 0x2c, 0x0d, 0x0a, 0x20, 0x20, 0x20, 0x20, 0x20, 0x20, 
    0x20, 0x20, 0x20, 0x20, 0x20, 0x20, 0x22, 0x53, 0x6c, 0x69, 0x64, 0x65, 0x72, 0x22, 0x3a, 0x20, 
    0x7b, 0x0d, 0x0a, 0x20, 0x20, 0x20, 0x20, 0x20, 0x20, 0x20, 0x20, 0x20, 0x20, 0x20, 0x20, 0x20, 
    0x20, 0x20, 0x20, 0x22, 0x61, 0x74, 0x74, 0x72, 0x69, 0x62, 0x75, 0x74, 0x65, 0x73, 0x22, 0x3a, 
    0x20, 0x7b, 0x0d, 0x0a, 0x20, 0x20, 0x20, 0x20, 0x20, 0x20, 0x20, 0x20, 0x20, 0x20, 0x20, 0x20, 
    0x20, 0x20, 0x20, 0x20, 0x20, 0x20, 0x20, 0x20, 0x22, 0x46, 0x69, 0x6c, 0x6c, 0x22, 0x3a, 0x20, 
    0x22, 0x4c, 0x3a, 0x54, 0x68, 0x65, 0x6d, 0x65, 0x2f, 0x53, 0x65, 0x63, 0x6f, 0x6e, 0x64, 0x61, 
    0x72, 0x79, 0x22, 0x2c, 0x0d, 0x0a, 0x20, 0x20, 0x20, 0x20, 0x20, 0x20, 0x20, 0x20, 0x20, 0x20, 
    0x20, 0x20, 0x20, 0x20, 0x20, 0x20, 0x20, 0x20, 0x20, 0x20, 0x22, 0x4d, 0x61, 0x72, 0x67, 0x69, 
    0x6e, 0x73, 0x2e, 0x42, 0x6f, 0x74, 0x74, 0x6f, 0x6d, 0x22, 0x3a, 0x20, 0x35, 0x2c, 0x0d, 0x0a, 
    0x20, 0x20, 0x20, 0x20, 0x20, 0x20, 0x20, 0x20, 0x20, 0x20, 0x20, 0x20, 0x20, 0x20, 0x20, 0x20, 
    0x20, 0x20, 0x20, 0x20, 0x22, 0x4d, 0x61, 0x72, 0x67, 0x69, 0x6e, 0x73, 0x2e, 0x54, 0x6f, 0x70, 
    0x22, 0x3a, 0x20, 0x35, 0x0d, 0x0a, 0x20, 0x20, 0x20, 0x20, 0x20, 0x20, 0x20, 0x20, 0x20, 0x20, 
    0x20, 0x20, 0x20, 0x20, 0x20, 0x20, 0x7d, 0x2c, 0x0d, 0x0a, 0x20, 0x20, 0x20, 0x20, 0x20, 0x20, 
    0x20, 0x20, 0x20, 0x20, 0x20, 0x20, 0x20, 0x20, 0x20, 0x20, 0x22, 0x63, 0x68, 0x69, 0x6c, 0x64, 
    0x72, 0x65, 0x6e, 0x22, 0x3a, 0x20, 0x7b, 0x0d, 0x0a, 0x20, 0x20, 0x20, 0x20, 0x20, 0x20, 0x20, 
    0x20, 0x20, 0x20, 0x20, 0x20, 0x20, 0x20, 0x20, 0x20, 0x20, 0x20, 0x20, 0x20, 0x22, 0x42, 0x61, 
    0x72, 0x22, 0x3a, 0x20, 0x7b, 0x0d, 0x0a, 0x20, 0x20, 0x20, 0x20, 0x20, 0x20, 0x20, 0x20, 0x20, 
    0x20, 0x20, 0x20, 0x20, 0x20, 0x20, 0x20, 0x20, 0x20, 0x20, 0x20, 0x20, 0x20, 0x20, 0x20, 0x22, 
    0x61, 0x74, 0x74, 0x72, 0x69, 0x62, 0x75, 0x74, 0x65, 0x73, 0x22, 0x3a, 0x20, 0x7b, 0x0d, 0x0a, 
    0x20, 0x20, 0x20, 0x20, 0x20, 0x20, 0x20, 0x20, 0x20, 0x20, 0x20, 0x20, 0x20, 0x20, 0x20, 0x20, 
    0x20, 0x20, 0x20, 0x20, 0x20, 0x20, 0x20, 0x20, 0x20, 0x20, 0x20, 0x20, 0x22, 0x46, 0x69, 0x6c, 
    0x6c, 0x22, 0x3a, 0x20, 0x22, 0x4c, 0x3a, 0x54, 0x68, 0x65, 0x6d, 0x65, 0x2f, 0x54, 0x65, 0x72, 
    0x74, 0x69, 0x61, 0x72, 0x79, 0x22, 0x0d, 0x0a, 0x20, 0x20, 0x20, 0x20, 0x20, 0x20, 0x20, 0x20, 
    0x20, 0x20, 0x20, 0x20, 0x20, 0x20, 0x20, 0x20, 0x20, 0x20, 0x20, 0x20, 0x20, 0x20, 0x20, 0x20, 
    0x7d, 0x0d, 0x0a, 0x20, 0x20, 0x20, 0x20, 0x20, 0x20, 0x20, 0x20, 0x20, 0x20, 0x20, 0x20, 0x20, 
    0x20, 0x20, 0x20, 0x20, 0x20, 0x20, 0x20, 0x7d, 0x2c, 0x0d, 0x0a, 0x20, 0x20, 0x20, 0x20, 0x20, 
    0x20, 0x20, 0x20, 0x20, 0x20, 0x20, 0x20, 0x20, 0x20, 0x20, 0x20, 0x20, 0x20, 0x20, 0x20, 0x22, 
    0x48, 0x61, 0x6e, 0x64, 0x6c, 0x65, 0x22, 0x3a, 0x20, 0x7b, 0x0d, 0x0a, 0x20, 0x20, 0x20, 0x20, 
    0x20, 0x20, 0x20, 0x20, 0x20, 0x20, 0x20, 0x20, 0x20, 0x20, 0x20, 0x20, 0x20, 0x20, 0x20, 0x20, 
    0x20, 0x20, 0x20, 0x20, 0x22, 0x61, 0x74, 0x74, 0x72, 0x69, 0x62, 0x75, 0x74, 0x65, 0x73, 0x22, 
    0x3a, 0x20, 0x7b, 0x0d, 0x0a, 0x20, 0x20, 0x20, 0x20, 0x20, 0x20, 0x20, 0x20, 0x20, 0x20, 0x20, 
    0x20, 0x20, 0x20, 0x20, 0x20, 0x20, 0x20, 0x20, 0x20, 0x20, 0x20, 0x20, 0x20, 0x20, 0x20, 0x20, 
    0x20, 0x22, 0x46, 0x69, 0x6c, 0x6c, 0x22, 0x3a, 0x20, 0x22, 0x4c, 0x3a, 0x54, 0x68, 0x65, 0x6d, 
    0x65, 0x2f, 0x46, 0x6f, 0x72, 0x65, 0x67, 0x72, 0x6f, 0x75, 0x6e, 0x64, 0x22, 0x0d, 0x0a, 0x20, 
    0x20, 0x20, 0x20, 0x20, 0x20, 0x20, 0x20, 0x20, 0x20, 0x20, 0x20, 0x20, 0x20, 0x20, 0x20, 0x20, 
    0x20, 0x20, 0x20, 0x20, 0x20, 0x20, 0x20, 0x7d, 0x0d, 0x0a, 0x20, 0x20, 0x20, 0x20, 0x20, 0x20, 
    0x20, 0x20, 0x20, 0x20, 0x20, 0x20, 0x20, 0x20, 0x20, 0x20, 0x20, 0x20, 0x20, 0x20, 0x7d, 0x0d, 
    0x0a, 0x20, 0x20, 0x20, 0x20, 0x20, 0x20, 0x20, 0x20, 0x20, 0x20, 0x20, 0x20, 0x20, 0x20, 0x20, 
    0x20, 0x7d, 0x0d, 0x0a, 0x20, 0x20, 0x20, 0x20, 0x20, 0x20, 0x20, 0x20, 0x20, 0x20, 0x20, 0x20, 
    0x7d, 0x0d, 0x0a, 0x20, 0x20, 0x20, 0x20, 0x20, 0x20, 0x20, 0x20, 0x7d, 0x0d, 0x0a, 0x20, 0x20, 
    0x20, 0x20, 0x7d, 0x0d, 0x0a, 0x7d
};
static const size_t res__definitions_nebula_attributeeditors_json_size = sizeof(res__definitions_nebula_attributeeditors_json);

static const unsigned char res__definitions_nebula_definitioneditor_json[] = {
    0x7b, 0x0d, 0x0a, 0x20, 0x20, 0x20, 0x20, 0x22, 0x4d, 0x61, 0x69, 0x6e, 0x20, 0x57, 0x69, 0x6e, 
    0x64, 0x6f, 0x77, 0x2f, 0x44, 0x65, 0x66, 0x69, 0x6e, 0x69, 0x74, 0x69, 0x6f, 0x6e, 0x20, 0x45, 
    0x64, 0x69, 0x74, 0x6f, 0x72, 0x22, 0x3a, 0x20, 0x7b, 0x0d, 0x0a, 0x20, 0x20, 0x20, 0x20, 0x20, 
    0x20, 0x20, 0x20, 0x22, 0x5f, 0x69, 0x6e, 0x63, 0x6c, 0x75, 0x64, 0x65, 0x22, 0x3a, 0x20, 0x22, 
    0x51, 0x4c, 0x61, 0x79, 0x65, 0x72, 0x73, 0x2f, 0x71, 0x6c, 0x77, 0x69, 0x64, 0x67, 0x65, 0x74, 
    0x2e, 0x6a, 0x73, 0x6f, 0x6e, 0x3a, 0x3a, 0x57, 0x69, 0x64, 0x67, 0x65, 0x74, 0x22, 0x2c, 0x0d, 
    0x0a, 0x20, 0x20, 0x20, 0x20, 0x20, 0x20, 0x20, 0x20, 0x22, 0x63, 0x68, 0x69, 0x6c, 0x64, 0x72, 
    0x65, 0x6e, 0x22, 0x3a, 0x20, 0x7b, 0x0d, 0x0a, 0x20, 0x20, 0x20, 0x20, 0x20, 0x20, 0x20, 0x20, 
    0x20, 0x20, 0x20, 0x20, 0x22, 0x44, 0x69, 0x76, 0x69, 0x64, 0x65, 0x72, 0x73, 0x22, 0x3a, 0x20, 
    0x7b, 0x0d, 0x0a, 0x20, 0x20, 0x20, 0x20, 0x20, 0x20, 0x20, 0x20, 0x20, 0x20, 0x20, 0x20, 0x20, 
    0x20, 0x20, 0x20, 0x22, 0x5f, 0x69, 0x6e, 0x63, 0x6c, 0x75, 0x64, 0x65, 0x22, 0x3a, 0x20, 0x22, 
    0x51, 0x4c, 0x61, 0x79, 0x65, 0x72, 0x73, 0x2f, 0x71, 0x6c, 0x77, 0x69, 0x64, 0x67, 0x65, 0x74, 
    0x2e, 0x6a, 0x73, 0x6f, 0x6e, 0x3a, 0x3a, 0x57, 0x69, 0x64, 0x67, 0x65, 0x74, 0x22, 0x2c, 0x0d, 
    0x0a, 0x20, 0x20, 0x20, 0x20, 0x20, 0x20, 0x20, 0x20, 0x20, 0x20, 0x20, 0x20, 0x20, 0x20, 0x20, 
    0x20, 0x22, 0x61, 0x74, 0x74, 0x72, 0x69, 0x62, 0x75, 0x74, 0x65, 0x73, 0x22, 0x3a, 0x20, 0x7b, 
    0x0d, 0x0a, 0x20, 0x20, 0x20, 0x20, 0x20, 0x20, 0x20, 0x20, 0x20, 0x20, 0x20, 0x20, 0x20, 0x20, 
    0x20, 0x20, 0x20, 0x20, 0x20, 0x20, 0x22, 0x46, 0x69, 0x6c, 0x6c, 0x22, 0x3a, 0x20, 0x22, 0x4c, 
    0x3a, 0x54, 0x68, 0x65, 0x6d, 0x65, 0x2f, 0x54, 0x65, 0x72, 0x74, 0x69, 0x61, 0x72, 0x79, 0x22, 
    0x0d, 0x0a, 0x20, 0x20, 0x20, 0x20, 0x20, 0x20, 0x20, 0x20, 0x20, 0x20, 0x20, 0x20, 0x20, 0x20, 
    0x20, 0x20, 0x7d, 0x0d, 0x0a, 0x20, 0x20, 0x20, 0x20, 0x20, 0x20, 0x20, 0x20, 0x20, 0x20, 0x20, 
    0x20, 0x7d, 0x2c, 0x0d, 0x0a, 0x20, 0x20, 0x20, 0x20, 0x20, 0x20, 0x20, 0x20, 0x20, 0x20, 0x20, 
    0x20, 0x22, 0x4f, 0x70, 0x74, 0x69, 0x6f, 0x6e, 0x73, 0x20, 0x42, 0x61, 0x72, 0x22, 0x3a, 0x20, 
    0x7b, 0x0d, 0x0a, 0x20, 0x20, 0x20, 0x20, 0x20, 0x20, 0x20, 0x20, 0x20, 0x20, 0x20, 0x20, 0x20, 
    0x20, 0x20, 0x20, 0x22, 0x5f, 0x69, 0x6e, 0x63, 0x6c, 0x75, 0x64, 0x65, 0x22, 0x3a, 0x20, 0x22, 
    0x51, 0x4c, 0x61, 0x79, 0x65, 0x72, 0x73, 0x2f, 0x71, 0x6c, 0x77, 0x69, 0x64, 0x67, 0x65, 0x74, 
    0x2e, 0x6a, 0x73, 0x6f, 0x6e, 0x3a, 0x3a, 0x57, 0x69, 0x64, 0x67, 0x65, 0x74, 0x22, 0x2c, 0x0d, 
    0x0a, 0x20, 0x20, 0x20, 0x20, 0x20, 0x20, 0x20, 0x20, 0x20, 0x20, 0x20, 0x20, 0x20, 0x20, 0x20, 
    0x20, 0x22, 0x61, 0x74, 0x74, 0x72, 0x69, 0x62, 0x75, 0x74, 0x65, 0x73, 0x22, 0x3a, 0x20, 0x7b, 
    0x0d, 0x0a, 0x20, 0x20, 0x20, 0x20, 0x20, 0x20, 0x20, 0x20, 0x20, 0x20, 0x20, 0x20, 0x20, 0x20, 
    0x20, 0x20, 0x20, 0x20, 0x20, 0x20, 0x22, 0x46, 0x69, 0x6c, 0x6c, 0x22, 0x3a, 0x20, 0x22, 0x4c, 
    0x3a, 0x54, 0x68, 0x65, 0x6d, 0x65, 0x2f, 0x54, 0x65, 0x72, 0x74, 0x69, 0x61, 0x72, 0x79, 0x22, 
    0x0d, 0x0a, 0x20, 0x20, 0x20, 0x20, 0x20, 0x20, 0x20, 0x20, 0x20, 0x20, 0x20, 0x20, 0x20, 0x20, 
    0x20, 0x20, 0x7d, 0x2c, 0x0d, 0x0a, 0x20, 0x20, 0x20, 0x20, 0x20, 0x20, 0x20, 0x20, 0x20, 0x20, 
    0x20, 0x20, 0x20, 0x20, 0x20, 0x20, 0x22, 0x63, 0x68, 0x69, 0x6c, 0x64, 0x72, 0x65, 0x6e, 0x22, 
    0x3a, 0x20, 0x7b, 0x0d, 0x0a, 0x20, 0x20, 0x20, 0x20, 0x20, 0x20, 0x20, 0x20, 0x20, 0x20, 0x20, 
    0x20, 0x20, 0x20, 0x20, 0x20, 0x20, 0x20, 0x20, 0x20, 0x22, 0x53, 0x65, 0x74, 0x20, 0x44, 0x69, 
    0x73, 0x70, 0x6c, 0x61, 0x79, 0x65, 0x72, 0x22, 0x3a, 0x20, 0x7b, 0x0d, 0x0a, 0x20, 0x20, 0x20, 
    0x20, 0x20, 0x20, 0x20, 0x20, 0x20, 0x20, 0x20, 0x20, 0x20, 0x20, 0x20, 0x20, 0x20, 0x20, 0x20, 
    0x20, 0x20, 0x20, 0x20, 0x20, 0x22, 0x5f, 0x69, 0x6e, 0x63, 0x6c, 0x75, 0x64, 0x65, 0x22, 0x3a, 
    0x20, 0x22, 0x51, 0x4c, 0x61, 0x79, 0x65, 0x72, 0x73, 0x2f, 0x71, 0x6c, 0x77, 0x69, 0x64, 0x67, 
    0x65, 0x74, 0x2e, 0x6a, 0x73, 0x6f, 0x6e, 0x3a, 0x3a, 0x57, 0x69, 0x64, 0x67, 0x65, 0x74, 0x22, 
    0x2c, 0x0d, 0x0a, 0x20, 0x20, 0x20, 0x20, 0x20, 0x20, 0x20, 0x20, 0x20, 0x20, 0x20, 0x20, 0x20, 
    0x20, 0x20, 0x20, 0x20, 0x20, 0x20, 0x20, 0x20, 0x20, 0x20, 0x20, 0x22, 0x61, 0x74, 0x74, 0x72, 
    0x69, 0x62, 0x75, 0x74, 0x65, 0x73, 0x22, 0x3a, 0x20, 0x7b, 0x0d, 0x0a, 0x20, 0x20, 0x20, 0x20, 
    0x20, 0x20, 0x20, 0x20, 0x20, 0x20, 0x20, 0x20, 0x20, 0x20, 0x20, 0x20, 0x20, 0x20, 0x20, 0x20, 
    0x20, 0x20, 0x20, 0x20, 0x20, 0x20, 0x20, 0x20, 0x22, 0x43, 0x6f, 0x72, 0x6e, 0x65, 0x72, 0x20, 
    0x52, 0x61, 0x64, 0x69, 0x69, 0x2e, 0x42, 0x6f, 0x74, 0x74, 0x6f, 0x6d, 0x20, 0x4c, 0x65, 0x66, 
    0x74, 0x22, 0x3a, 0x20, 0x33, 0x2c, 0x0d, 0x0a, 0x20, 0x20, 0x20, 0x20, 0x20, 0x20, 0x20, 0x20, 
    0x20, 0x20, 0x20, 0x20, 0x20, 0x20, 0x20, 0x20, 0x20, 0x20, 0x20, 0x20, 0x20, 0x20, 0x20, 0x20, 
    0x20, 0x20, 0x20, 0x20, 0x22, 0x43, 0x6f, 0x72, 0x6e, 0x65, 0x72, 0x20, 0x52, 0x61, 0x64, 0x69, 
    0x69, 0x2e, 0x42, 0x6f, 0x74, 0x74, 0x6f, 0x6d, 0x20, 0x52, 0x69, 0x67, 0x68, 0x74, 0x22, 0x3a, 
    0x20, 0x33, 0x2c, 0x0d, 0x0a, 0x20, 0x20, 0x20, 0x20, 0x20, 0x20, 0x20, 0x20, 0x20, 0x20, 0x20, 
    0x20, 0x20, 0x20, 0x20, 0x20, 0x20, 0x20, 0x20, 0x20, 0x20, 0x20, 0x20, 0x20, 0x20, 0x20, 0x20, 
    0x20, 0x22, 0x43, 0x6f, 0x72, 0x6e, 0x65, 0x72, 0x20, 0x52, 0x61, 0x64, 0x69, 0x69, 0x2e, 0x54, 
    0x6f, 0x70, 0x20, 0x4c, 0x65, 0x66, 0x74, 0x22, 0x3a, 0x20, 0x33, 0x2c, 0x0d, 0x0a, 0x20, 0x20, 
    0x20, 0x20, 0x20, 0x20, 0x20, 0x20, 0x20, 0x20, 0x20, 0x20, 0x20, 0x20, 0x20, 0x20, 0x20, 0x20, 
    0x20, 0x20, 0x20, 0x20, 0x20, 0x20, 0x20, 0x20, 0x20, 0x20, 0x22, 0x43, 0x6f, 0x72, 0x6e, 0x65, 
    0x72, 0x20, 0x52, 0x61, 0x64, 0x69, 0x69, 0x2e, 0x54, 0x6f, 0x70, 0x20, 0x52, 0x69, 0x67, 0x68, 
    0x74, 0x22, 0x3a, 0x20, 0x33, 0x0d, 0x0a, 0x20, 0x20, 0x20, 0x20, 0x20, 0x20, 0x20, 0x20, 0x20, 
    0x20, 0x20, 0x20, 0x20, 0x20, 0x20, 0x20, 0x20, 0x20, 0x20, 0x20, 0x20, 0x20, 0x20, 0x20, 0x7d, 
    0x2c, 0x0d, 0x0a, 0x20, 0x20, 0x20, 0x20, 0x20, 0x20, 0x20, 0x20, 0x20, 0x20, 0x20, 0x20, 0x20, 
    0x20, 0x20, 0x20, 0x20, 0x20, 0x20, 0x20, 0x20, 0x20, 0x20, 0x20, 0x22, 0x63, 0x68, 0x69, 0x6c, 
    0x64, 0x72, 0x65, 0x6e, 0x22, 0x3a, 0x20, 0x7b, 0x0d, 0x0a, 0x20, 0x20, 0x20, 0x20, 0x20, 0x20, 
    0x20, 0x20, 0x20, 0x20, 0x20, 0x20, 0x20, 0x20, 0x20, 0x20, 0x20, 0x20, 0x20, 0x20, 0x20, 0x20, 
    0x20, 0x20, 0x20, 0x20, 0x20, 0x20, 0x22, 0x43, 0x6c, 0x6f, 0x73, 0x65, 0x20, 0x42, 0x75, 0x74, 
    0x74, 0x6f, 0x6e, 0x22, 0x3a, 0x20, 0x7b, 0x0d, 0x0a, 0x20, 0x20, 0x20, 0x20, 0x20, 0x20, 0x20, 
    0x20, 0x20, 0x20, 0x20, 0x20, 0x20, 0x20, 0x20, 0x20, 0x20, 0x20, 0x20, 0x20, 0x20, 0x20, 0x20, 
    0x20, 0x20, 0x20, 0x20, 0x20, 0x20, 0x20, 0x20, 0x20, 0x22, 0x5f, 0x69, 0x6e, 0x63, 0x6c, 0x75, 
    0x64, 0x65, 0x22, 0x3a, 0x20, 0x22, 0x51, 0x4c, 0x61, 0x79, 0x65, 0x72, 0x73, 0x2f, 0x71, 0x6c, 
    0x77, 0x69, 0x64, 0x67, 0x65, 0x74, 0x2e, 0x6a, 0x73, 0x6f, 0x6e, 0x3a, 0x3a, 0x57, 0x69, 0x64, 
    0x67, 0x65, 0x74, 0x22, 0x2c, 0x0d, 0x0a, 0x20, 0x20, 0x20, 0x20, 0x20, 0x20, 0x20, 0x20, 0x20, 
    0x20, 0x20, 0x20, 0x20, 0x20, 0x20, 0x20, 0x20, 0x20, 0x20, 0x20, 0x20, 0x20, 0x20, 0x20, 0x20, 
    0x20, 0x20, 0x20, 0x20, 0x20, 0x20, 0x20, 0x22, 0x61, 0x74, 0x74, 0x72, 0x69, 0x62, 0x75, 0x74, 
    0x65, 0x73, 0x22, 0x3a, 0x20, 0x7b, 0x0d, 0x0a, 0x20, 0x20, 0x20, 0x20, 0x20, 0x20, 0x20, 0x20, 
    0x20, 0x20, 0x20, 0x20, 0x20, 0x20, 0x20, 0x20, 0x20, 0x20, 0x20, 0x20, 0x20, 0x20, 0x20, 0x20, 
    0x20, 0x20, 0x20, 0x20, 0x20, 0x20, 0x20, 0x20, 0x20, 0x20, 0x20, 0x20, 0x22, 0x46, 0x69, 0x6c, 
    0x6c, 0x22, 0x3a, 0x20, 0x22, 0x23, 0x30, 0x30, 0x66, 0x66, 0x66, 0x66, 0x66, 0x66, 0x22, 0x0d, 
    0x0a, 0x20, 0x20, 0x20, 0x20, 0x20, 0x20, 0x20, 0x20, 0x20, 0x20, 0x20, 0x20, 0x20, 0x20, 0x20, 
    0x20, 0x20, 0x20, 0x20, 0x20, 0x20, 0x20, 0x20, 0x20, 0x20, 0x20, 0x20, 0x20, 0x20, 0x20, 0x20, 
    0x20, 0x7d, 0x2c, 0x0d, 0x0a, 0x20, 0x20, 0x20, 0x20, 0x20, 0x20, 0x20, 0x20, 0x20, 0x20, 0x20, 
    0x20, 0x20, 0x20, 0x20, 0x20, 0x20, 0x20, 0x20, 0x20, 0x20, 0x20, 0x20, 0x20, 0x20, 0x20, 0x20, 
    0x20, 0x20, 0x20, 0x20, 0x20, 0x22, 0x63, 0x68, 0x69, 0x6c, 0x64, 0x72, 0x65, 0x6e, 0x22, 0x3a, 
    0x20, 0x7b, 0x0d, 0x0a, 0x20, 0x20, 0x20, 0x20, 0x20, 0x20, 0x20, 0x20, 0x20, 0x20, 0x20, 0x20, 
    0x20, 0x20, 0x20, 0x20, 0x20, 0x20, 0x20, 0x20, 0x20, 0x20, 0x20, 0x20, 0x20, 0x20, 0x20, 0x20, 
    0x20, 0x20, 0x20, 0x20, 0x20, 0x20, 0x20, 0x20, 0x22, 0x47, 0x72, 0x61, 0x70, 0x68, 0x69, 0x63, 
    0x22, 0x3a, 0x20, 0x7b, 0x0d, 0x0a, 0x20, 0x20, 0x20, 0x20, 0x20, 0x20, 0x20, 0x20, 0x20, 0x20, 
    0x20, 0x20, 0x20, 0x20, 0x20, 0x20, 0x20, 0x20, 0x20, 0x20, 0x20, 0x20, 0x20, 0x20, 0x20, 0x20, 
    0x20, 0x20, 0x20, 0x20, 0x20, 0x20, 0x20, 0x20, 0x20, 0x20, 0x20, 0x20, 0x20, 0x20, 0x22, 0x63, 
    0x68, 0x69, 0x6c, 0x64, 0x72, 0x65, 0x6e, 0x22, 0x3a, 0x20, 0x7b, 0x0d, 0x0a, 0x20, 0x20, 0x20, 
    0x20, 0x20, 0x20, 0x20, 0x20, 0x20, 0x20, 0x20, 0x20, 0x20, 0x20, 0x20, 0x20, 0x20, 0x20, 0x20, 
    0x20, 0x20, 0x20, 0x20, 0x20, 0x20, 0x20, 0x20, 0x20, 0x20, 0x20, 0x20, 0x20, 0x20, 0x20, 0x20, 
    0x20, 0x20, 0x20, 0x20, 0x20, 0x20, 0x20, 0x20, 0x20, 0x22, 0x53, 0x76, 0x67, 0x22, 0x3a, 0x20, 
    0x7b, 0x0d, 0x0a, 0x20, 0x20, 0x20, 0x20, 0x20, 0x20, 0x20, 0x20, 0x20, 0x20, 0x20, 0x20, 0x20, 
    0x20, 0x20, 0x20, 0x20, 0x20, 0x20, 0x20, 0x20, 0x20, 0x20, 0x20, 0x20, 0x20, 0x20, 0x20, 0x20, 
    0x20, 0x20, 0x20, 0x20, 0x20, 0x20, 0x20, 0x20, 0x20, 0x20, 0x20, 0x20, 0x20, 0x20, 0x20, 0x20, 
    0x20, 0x20, 0x20, 0x22, 0x61, 0x74, 0x74, 0x72, 0x69, 0x62, 0x75, 0x74, 0x65, 0x73, 0x22, 0x3a, 
    0x20, 0x7b, 0x0d, 0x0a, 0x20, 0x20, 0x20, 0x20, 0x20, 0x20, 0x20, 0x20, 0x20, 0x20, 0x20, 0x20, 
    0x20, 0x20, 0x20, 0x20, 0x20, 0x20, 0x20, 0x20, 0x20, 0x20, 0x20, 0x20, 0x20, 0x20, 0x20, 0x20, 
    0x20, 0x20, 0x20, 0x20, 0x20, 0x20, 0x20, 0x20, 0x20, 0x20, 0x20, 0x20, 0x20, 0x20, 0x20, 0x20, 
    0x20, 0x20, 0x20, 0x20, 0x20, 0x20, 0x20, 0x20, 0x22, 0x43, 0x6f, 0x6c, 0x6f, 0x72, 0x22, 0x3a, 
    0x20, 0x7b, 0x0d, 0x0a, 0x20, 0x20, 0x20, 0x20, 0x20, 0x20, 0x20, 0x20, 0x20, 0x20, 0x20, 0x20, 
    0x20, 0x20, 0x20, 0x20, 0x20, 0x20, 0x20, 0x20, 0x20, 0x20, 0x20, 0x20, 0x20, 0x20, 0x20, 0x20, 
    0x20, 0x20, 0x20, 0x20, 0x20, 0x20, 0x20, 0x20, 0x20, 0x20, 0x20, 0x20, 0x20, 0x20, 0x20, 0x20, 
    0x20, 0x20, 0x20, 0x20, 0x20, 0x20, 0x20, 0x20, 0x20, 0x20, 0x20, 0x20, 0x22, 0x73, 0x74, 0x61, 
    0x74, 0x65, 0x73, 0x22, 0x3a, 0x20, 0x7b, 0x0d, 0x0a, 0x20, 0x20, 0x20, 0x20, 0x20, 0x20, 0x20, 
    0x20, 0x20, 0x20, 0x20, 0x20, 0x20, 0x20, 0x20, 0x20, 0x20, 0x20, 0x20, 0x20, 0x20, 0x20, 0x20, 
    0x20, 0x20, 0x20, 0x20, 0x20, 0x20, 0x20, 0x20, 0x20, 0x20, 0x20, 0x20, 0x20, 0x20, 0x20, 0x20, 
    0x20, 0x20, 0x20, 0x20, 0x20, 0x20, 0x20, 0x20, 0x20, 0x20, 0x20, 0x20, 0x20, 0x20, 0x20, 0x20, 
    0x20, 0x20, 0x20, 0x20, 0x20, 0x22, 0x53, 0x65, 0x6c, 0x65, 0x63, 0x74, 0x65, 0x64, 0x22, 0x3a, 
    0x20, 0x22, 0x23, 0x65, 0x39, 0x35, 0x34, 0x35, 0x34, 0x22, 0x0d, 0x0a, 0x20, 0x20, 0x20, 0x20, 
    0x20, 0x20, 0x20, 0x20, 0x20, 0x20, 0x20, 0x20, 0x20, 0x20, 0x20, 0x20, 0x20, 0x20, 0x20, 0x20, 
    0x20, 0x20, 0x20, 0x20, 0x20, 0x20, 0x20, 0x20, 0x20, 0x20, 0x20, 0x20, 0x20, 0x20, 0x20, 0x20, 
    0x20, 0x20, 0x20, 0x20, 0x20, 0x20, 0x20, 0x20, 0x20, 0x20, 0x20, 0x20, 0x20, 0x20, 0x20, 0x20, 
    0x20, 0x20, 0x20, 0x20, 0x7d, 0x2c, 0x0d, 0x0a, 0x20, 0x20, 0x20, 0x20, 0x20, 0x20, 0x20, 0x20, 
    0x20, 0x20, 0x20, 0x20, 0x20, 0x20, 0x20, 0x20, 0x20, 0x20, 0x20, 0x20, 0x20, 0x20, 0x20, 0x20, 
    0x20, 0x20, 0x20, 0x20, 0x20, 0x20, 0x20, 0x20, 0x20, 0x20, 0x20, 0x20, 0x20, 0x20, 0x20, 0x20, 
    0x20, 0x20, 0x20, 0x20, 0x20, 0x20, 0x20, 0x20, 0x20, 0x20, 0x20, 0x20, 0x20, 0x20, 0x20, 0x20, 
    0x22, 0x76, 0x61, 0x6c, 0x75, 0x65, 0x22, 0x3a, 0x20, 0x22, 0x23, 0x35, 0x66, 0x35, 0x66, 0x35, 
    0x66, 0x22, 0x0d, 0x0a, 0x20, 0x20, 0x20, 0x20, 0x20, 0x20, 0x20, 0x20, 0x20, 0x20, 0x20, 0x20, 
    0x20, 0x20, 0x20, 0x20, 0x20, 0x20, 0x20, 0x20, 0x20, 0x20, 0x20, 0x20, 0x20, 0x20, 0x20, 0x20, 
    0x20, 0x20, 0x20, 0x20, 0x20, 0x20, 0x20, 0x20, 0x20, 0x20, 0x20, 0x20, 0x20, 0x20, 0x20, 0x20, 
    0x20, 0x20, 0x20, 0x20, 0x20, 0x20, 0x20, 0x20, 0x7d, 0x0d, 0x0a, 0x20, 0x20, 0x20, 0x20, 0x20, 
    0x20, 0x20, 0x20, 0x20, 0x20, 0x20, 0x20, 0x20, 0x20, 0x20, 0x20, 0x20, 0x20, 0x20, 0x20, 0x20, 
    0x20, 0x20, 0x20, 0x20, 0x20, 0x20, 0x20, 0x20, 0x20, 0x20, 0x20, 0x20, 0x20, 0x20, 0x20, 0x20, 
    0x20, 0x20, 0x20, 0x20, 0x20, 0x20, 0x20, 0x20, 0x20, 0x20, 0x20, 0x7d, 0x0d, 0x0a, 0x20, 0x20, 
    0x20, 0x20, 0x20, 0x20, 0x20, 0x20, 0x20, 0x20, 0x20, 0x20, 0x20, 0x20, 0x20, 0x20, 0x20, 0x20, 
    0x20, 0x20, 0x20, 0x20, 0x20, 0x20, 0x20, 0x20, 0x20, 0x20, 0x20, 0x20, 0x20, 0x20, 0x20, 0x20, 
    0x20, 0x20, 0x20, 0x20, 0x20, 0x20, 0x20, 0x20, 0x20, 0x20, 0x7d, 0x0d, 0x0a, 0x20, 0x20, 0x20, 
    0x20, 0x20, 0x20, 0x20, 0x20, 0x20, 0x20, 0x20, 0x20, 0x20, 0x20, 0x20, 0x20, 0x20, 0x20, 0x20, 
    0x20, 0x20, 0x20, 0x20, 0x20, 0x20, 0x20, 0x20, 0x20, 0x20, 0x20, 0x20, 0x20, 0x20, 0x20, 0x20, 
    0x20, 0x20, 0x20, 0x20, 0x20, 0x7d, 0x0d, 0x0a, 0x20, 0x20, 0x20, 0x20, 0x20, 0x20, 0x20, 0x20, 
    0x20, 0x20, 0x20, 0x20, 0x20, 0x20, 0x20, 0x20, 0x20, 0x20, 0x20, 0x20, 0x20, 0x20, 0x20, 0x20, 
    0x20, 0x20, 0x20, 0x20, 0x20, 0x20, 0x20, 0x20, 0x20, 0x20, 0x20, 0x20, 0x7d, 0x0d, 0x0a, 0x20, 
    0x20, 0x20, 0x20, 0x20, 0x20, 0x20, 0x20, 0x20, 0x20, 0x20, 0x20, 0x20, 0x20, 0x20, 0x20, 0x20, 
    0x20, 0x20, 0x20, 0x20, 0x20, 0x20, 0x20, 0x20, 0x20, 0x20, 0x20, 0x20, 0x20, 0x20, 0x20, 0x7d, 
    0x0d, 0x0a, 0x20, 0x20, 0x20, 0x20, 0x20, 0x20, 0x20, 0x20, 0x20, 0x20, 0x20, 0x20, 0x20, 0x20, 
    0x20, 0x20, 0x20, 0x20, 0x20, 0x20, 0x20, 0x20, 0x20, 0x20, 0x20, 0x20, 0x20, 0x20, 0x7d, 0x2c, 
    0x0d, 0x0a, 0x20, 0x20, 0x20, 0x20, 0x20, 0x20, 0x20, 0x20, 0x20, 0x20, 0x20, 0x20, 0x20, 0x20, 
    0x20, 0x20, 0x20, 0x20, 0x20, 0x20, 0x20, 0x20, 0x20, 0x20, 0x20, 0x20, 0x20, 0x20, 0x22, 0x4e, 
    0x61, 0x6d, 0x65, 0x20, 0x4c, 0x61, 0x62, 0x65, 0x6c, 0x22, 0x3a, 0x20, 0x22, 0x51, 0x4c, 0x61, 
    0x79, 0x65, 0x72, 0x73, 0x2f, 0x71, 0x6c, 0x6c, 0x61, 0x62, 0x65, 0x6c, 0x2e, 0x6a, 0x73, 0x6f, 
    0x6e, 0x3a, 0x3a, 0x4c, 0x61, 0x62, 0x65, 0x6c, 0x22, 0x2c, 0x0d, 0x0a, 0x20, 0x20, 0x20, 0x20, 
    0x20, 0x20, 0x20, 0x20, 0x20, 0x20, 0x20, 0x20, 0x20, 0x20, 0x20, 0x20, 0x20, 0x20, 0x20, 0x20, 
    0x20, 0x20, 0x20, 0x20, 0x20, 0x20, 0x20, 0x20, 0x22, 0x50, 0x75, 0x62, 0x6c, 0x69, 0x73, 0x68, 
    0x65, 0x72, 0x20, 0x4c, 0x61, 0x62, 0x65, 0x6c, 0x22, 0x3a, 0x20, 0x22, 0x51, 0x4c, 0x61, 0x79, 
    0x65, 0x72, 0x73, 0x2f, 0x71, 0x6c, 0x6c, 0x61, 0x62, 0x65, 0x6c, 0x2e, 0x6a, 0x73, 0x6f, 0x6e, 
    0x3a, 0x3a, 0x4c, 0x61, 0x62, 0x65, 0x6c, 0x22, 0x0d, 0x0a, 0x20, 0x20, 0x20, 0x20, 0x20, 0x20, 
    0x20, 0x20, 0x20, 0x20, 0x20, 0x20, 0x20, 0x20, 0x20, 0x20, 0x20, 0x20, 0x20, 0x20, 0x20, 0x20, 
    0x20, 0x20, 0x7d, 0x0d, 0x0a, 0x20, 0x20, 0x20, 0x20, 0x20, 0x20, 0x20, 0x20, 0x20, 0x20, 0x20, 
    0x20, 0x20, 0x20, 0x20, 0x20, 0x20, 0x20, 0x20, 0x20, 0x7d, 0x2c, 0x0d, 0x0a, 0x20, 0x20, 0x20, 
    0x20, 0x20, 0x20, 0x20, 0x20, 0x20, 0x20, 0x20, 0x20, 0x20, 0x20, 0x20, 0x20, 0x20, 0x20, 0x20, 
    0x20, 0x22, 0x53, 0x65, 0x61, 0x72, 0x63, 0x68, 0x20, 0x42, 0x6f, 0x78, 0x22, 0x3a, 0x20, 0x7b, 
    0x0d, 0x0a, 0x20, 0x20, 0x20, 0x20, 0x20, 0x20, 0x20, 0x20, 0x20, 0x20, 0x20, 0x20, 0x20, 0x20, 
    0x20, 0x20, 0x20, 0x20, 0x20, 0x20, 0x20, 0x20, 0x20, 0x20, 0x22, 0x5f, 0x69, 0x6e, 0x63, 0x6c, 
    0x75, 0x64, 0x65, 0x22, 0x3a, 0x20, 0x22, 0x51, 0x4c, 0x61, 0x79, 0x65, 0x72, 0x73, 0x2f, 0x71, 
    0x6c, 0x6c, 0x69, 0x6e, 0x65, 0x65, 0x64, 0x69, 0x74, 0x6f, 0x72, 0x2e, 0x6a, 0x73, 0x6f, 0x6e, 
    0x3a, 0x3a, 0x4c, 0x69, 0x6e, 0x65, 0x20, 0x45, 0x64, 0x69, 0x74, 0x6f, 0x72, 0x22, 0x2c, 0x0d, 
    0x0a, 0x20, 0x20, 0x20, 0x20, 0x20, 0x20, 0x20, 0x20, 0x20, 0x20, 0x20, 0x20, 0x20, 0x20, 0x20, 
    0x20, 0x20, 0x20, 0x20, 0x20, 0x20, 0x20, 0x20, 0x20, 0x22, 0x61, 0x74, 0x74, 0x72, 0x69, 0x62, 
    0x75, 0x74, 0x65, 0x73, 0x22, 0x3a, 0x20, 0x7b, 0x0d, 0x0a, 0x20, 0x20, 0x20, 0x20, 0x20, 0x20, 
    0x20, 0x20, 0x20, 0x20, 0x20, 0x20, 0x20, 0x20, 0x20, 0x20, 0x20, 0x20, 0x20, 0x20, 0x20, 0x20, 
    0x20, 0x20, 0x20, 0x20, 0x20, 0x20, 0x22, 0x43, 0x6f, 0x72, 0x6e, 0x65, 0x72, 0x20, 0x52, 0x61, 
    0x64, 0x69, 0x69, 0x2e, 0x42, 0x6f, 0x74, 0x74, 0x6f, 0x6d, 0x20, 0x4c, 0x65, 0x66, 0x74, 0x22, 
    0x3a, 0x20, 0x33, 0x2c, 0x0d, 0x0a, 0x20, 0x20, 0x20, 0x20, 0x20, 0x20, 0x20, 0x20, 0x20, 0x20, 
    0x20, 0x20, 0x20, 0x20, 0x20, 0x20, 0x20, 0x20, 0x20, 0x20, 0x20, 0x20, 0x20, 0x20, 0x20, 0x20, 
    0x20, 0x20, 0x22, 0x43, 0x6f, 0x72, 0x6e, 0x65, 0x72, 0x20, 0x52, 0x61, 0x64, 0x69, 0x69, 0x2e, 
    0x42, 0x6f, 0x74, 0x74, 0x6f, 0x6d, 0x20, 0x52, 0x69, 0x67, 0x68, 0x74, 0x22, 0x3a, 0x20, 0x33, 
    0x2c, 0x0d, 0x0a, 0x20, 0x20, 0x20, 0x20, 0x20, 0x20, 0x20, 0x20, 0x20, 0x20, 0x20, 0x20, 0x20, 
    0x20, 0x20, 0x20, 0x20, 0x20, 0x20, 0x20, 0x20, 0x20, 0x20, 0x20, 0x20, 0x20, 0x20, 0x20, 0x22, 
    0x43, 0x6f, 0x72, 0x6e, 0x65, 0x72, 0x20, 0x52, 0x61, 0x64, 0x69, 0x69, 0x2e, 0x54, 0x6f, 0x70, 
    0x20, 0x4c, 0x65, 0x66, 0x74, 0x22, 0x3a, 0x20, 0x33, 0x2c, 0x0d, 0x0a, 0x20, 0x20, 0x20, 0x20, 
    0x20, 0x20, 0x20, 0x20, 0x20, 0x20, 0x20, 0x20, 0x20, 0x20, 0x20, 0x20, 0x20, 0x20, 0x20, 0x20, 
    0x20, 0x20, 0x20, 0x20, 0x20, 0x20, 0x20, 0x20, 0x22, 0x43, 0x6f, 0x72, 0x6e, 0x65, 0x72, 0x20, 
    0x52, 0x61, 0x64, 0x69, 0x69, 0x2e, 0x54, 0x6f, 0x70, 0x20, 0x52, 0x69, 0x67, 0x68, 0x74, 0x22, 
    0x3a, 0x20, 0x33, 0x2c, 0x0d, 0x0a, 0x20, 0x20, 0x20, 0x20, 0x20, 0x20, 0x20, 0x20, 0x20, 0x20, 
    0x20, 0x20, 0x20, 0x20, 0x20, 0x20, 0x20, 0x20, 0x20, 0x20, 0x20, 0x20, 0x20, 0x20, 0x20, 0x20, 
    0x20, 0x20, 0x22, 0x46, 0x69, 0x6c, 0x6c, 0x22, 0x3a, 0x20, 0x22, 0x4c, 0x3a, 0x54, 0x68, 0x65, 
    0x6d, 0x65, 0x2f, 0x50, 0x72, 0x69, 0x6d, 0x61, 0x72, 0x79, 0x22, 0x0d, 0x0a, 0x20, 0x20, 0x20, 
    0x20, 0x20, 0x20, 0x20, 0x20, 0x20, 0x20, 0x20, 0x20, 0x20, 0x20, 0x20, 0x20, 0x20, 0x20, 0x20, 
    0x20, 0x20, 0x20, 0x20, 0x20, 0x7d, 0x2c, 0x0d, 0x0a, 0x20, 0x20, 0x20, 0x20, 0x20, 0x20, 0x20, 
    0x20, 0x20, 0x20, 0x20, 0x20, 0x20, 0x20, 0x20, 0x20, 0x20, 0x20, 0x20, 0x20, 0x20, 0x20, 0x20, 
    0x20, 0x22, 0x63, 0x68, 0x69, 0x6c, 0x64, 0x72, 0x65, 0x6e, 0x22, 0x3a, 0x20, 0x7b, 0x0d, 0x0a, 
    0x20, 0x20, 0x20, 0x20, 0x20, 0x20, 0x20, 0x20, 0x20, 0x20, 0x20, 0x20, 0x20, 0x20, 0x20, 0x20, 
    0x20, 0x20, 0x20, 0x20, 0x20, 0x20, 0x20, 0x20, 0x20, 0x20, 0x20, 0x20, 0x22, 0x50, 0x72, 0x65, 
    0x74, 0x65, 0x78, 0x74, 0x20, 0x4c, 0x61, 0x62, 0x65, 0x6c, 0x22, 0x3a, 0x20, 0x22, 0x51, 0x4c, 
    0x61, 0x79, 0x65, 0x72, 0x73, 0x2f, 0x71, 0x6c, 0x6c, 0x61, 0x62, 0x65, 0x6c, 0x2e, 0x6a, 0x73, 
    0x6f, 0x6e, 0x3a, 0x3a, 0x4c, 0x61, 0x62, 0x65, 0x6c, 0x22, 0x0d, 0x0a, 0x20, 0x20, 0x20, 0x20, 
    0x20, 0x20, 0x20, 0x20, 0x20, 0x20, 0x20, 0x20, 0x20, 0x20, 0x20, 0x20, 0x20, 0x20, 0x20, 0x20, 
    0x20, 0x20, 0x20, 0x20, 0x7d, 0x0d, 0x0a, 0x20, 0x20, 0x20, 0x20, 0x20, 0x20, 0x20, 0x20, 0x20, 
    0x20, 0x20, 0x20, 0x20, 0x20, 0x20, 0x20, 0x20, 0x20, 0x20, 0x20, 0x7d, 0x0d, 0x0a, 0x20, 0x20, 
    0x20, 0x20, 0x20, 0x20, 0x20, 0x20, 0x20, 0x20, 0x20, 0x20, 0x20, 0x20, 0x20, 0x20, 0x7d, 0x0d, 
    0x0a, 0x20, 0x20, 0x20, 0x20, 0x20, 0x20, 0x20, 0x20, 0x20, 0x20, 0x20, 0x20, 0x7d, 0x2c, 0x0d, 
    0x0a, 0x20, 0x20, 0x20, 0x20, 0x20, 0x20, 0x20, 0x20, 0x20, 0x20, 0x20, 0x20, 0x22, 0x50, 0x61, 
    0x74, 0x68, 0x20, 0x4c, 0x61, 0x62, 0x65, 0x6c, 0x22, 0x3a, 0x20, 0x22, 0x51, 0x4c, 0x61, 0x79, 
    0x65, 0x72, 0x73, 0x2f, 0x71, 0x6c, 0x6c, 0x61, 0x62, 0x65, 0x6c, 0x2e, 0x6a, 0x73, 0x6f, 0x6e, 
    0x3a, 0x3a, 0x4c, 0x61, 0x62, 0x65, 0x6c, 0x22, 0x2c, 0x0d, 0x0a, 0x20, 0x20, 0x20, 0x20, 0x20, 
    0x20, 0x20, 0x20, 0x20, 0x20, 0x20, 0x20, 0x22, 0x53, 0x65, 0x74, 0x20, 0x45, 0x64, 0x69, 0x74, 
    0x6f, 0x72, 0x22, 0x3a, 0x20, 0x7b, 0x0d, 0x0a, 0x20, 0x20, 0x20, 0x20, 0x20, 0x20, 0x20, 0x20, 
    0x20, 0x20, 0x20, 0x20, 0x20, 0x20, 0x20, 0x20, 0x22, 0x5f, 0x69, 0x6e, 0x63, 0x6c, 0x75, 0x64, 
    0x65, 0x22, 0x3a, 0x20, 0x22, 0x51, 0x4c, 0x61, 0x79, 0x65, 0x72, 0x73, 0x2f, 0x71, 0x6c, 0x77, 
    0x69, 0x64, 0x67, 0x65, 0x74, 0x2e, 0x6a, 0x73, 0x6f, 0x6e, 0x3a, 0x3a, 0x57, 0x69, 0x64, 0x67, 
    0x65, 0x74, 0x22, 0x2c, 0x0d, 0x0a, 0x20, 0x20, 0x20, 0x20, 0x20, 0x20, 0x20, 0x20, 0x20, 0x20, 
    0x20, 0x20, 0x20, 0x20, 0x20, 0x20, 0x22, 0x63, 0x68, 0x69, 0x6c, 0x64, 0x72, 0x65, 0x6e, 0x22, 
    0x3a, 0x20, 0x7b, 0x0d, 0x0a, 0x20, 0x20, 0x20, 0x20, 0x20, 0x20, 0x20, 0x20, 0x20, 0x20, 0x20, 
    0x20, 0x20, 0x20, 0x20, 0x20, 0x20, 0x20, 0x20, 0x20, 0x22, 0x41, 0x74, 0x74, 0x72, 0x69, 0x62, 
    0x75, 0x74, 0x65, 0x20, 0x45, 0x64, 0x69, 0x74, 0x6f, 0x72, 0x73, 0x22, 0x3a, 0x20, 0x22, 0x61, 
    0x74, 0x74, 0x72, 0x69, 0x62, 0x75, 0x74, 0x65, 0x65, 0x64, 0x69, 0x74, 0x6f, 0x72, 0x73, 0x2e, 
    0x6a, 0x73, 0x6f, 0x6e, 0x3a, 0x3a, 0x41, 0x74, 0x74, 0x72, 0x69, 0x62, 0x75, 0x74, 0x65, 0x20, 
    0x45, 0x64, 0x69, 0x74, 0x6f, 0x72, 0x73, 0x22, 0x2c, 0x0d, 0x0a, 0x20, 0x20, 0x20, 0x20, 0x20, 
    0x20, 0x20, 0x20, 0x20, 0x20, 0x20, 0x20, 0x20, 0x20, 0x20, 0x20, 0x20, 0x20, 0x20, 0x20, 0x22, 
    0x41, 0x74, 0x74, 0x72, 0x69, 0x62, 0x75, 0x74, 0x65, 0x20, 0x45, 0x64, 0x69, 0x74, 0x6f, 0x72, 
    0x20, 0x47, 0x72, 0x6f, 0x75, 0x70, 0x73, 0x22, 0x3a, 0x20, 0x7b, 0x0d, 0x0a, 0x20, 0x20, 0x20, 
    0x20, 0x20, 0x20, 0x20, 0x20, 0x20, 0x20, 0x20, 0x20, 0x20, 0x20, 0x20, 0x20, 0x20, 0x20, 0x20, 
    0x20, 0x20, 0x20, 0x20, 0x20, 0x22, 0x5f, 0x69, 0x6e, 0x63, 0x6c, 0x75, 0x64, 0x65, 0x22, 0x3a, 
    0x20, 0x22, 0x51, 0x4c, 0x61, 0x79, 0x65, 0x72, 0x73, 0x2f, 0x71, 0x6c, 0x77, 0x69, 0x64, 0x67, 
    0x65, 0x74, 0x2e, 0x6a, 0x73, 0x6f, 0x6e, 0x3a, 0x3a, 0x57, 0x69, 0x64, 0x67, 0x65, 0x74, 0x22, 
    0x2c, 0x0d, 0x0a, 0x20, 0x20, 0x20, 0x20, 0x20, 0x20, 0x20, 0x20, 0x20, 0x20, 0x20, 0x20, 0x20, 
    0x20, 0x20, 0x20, 0x20, 0x20, 0x20, 0x20, 0x20, 0x20, 0x20, 0x20, 0x22, 0x63, 0x68, 0x69, 0x6c, 
    0x64, 0x72, 0x65, 0x6e, 0x22, 0x3a, 0x20, 0x7b, 0x0d, 0x0a, 0x20, 0x20, 0x20, 0x20, 0x20, 0x20, 
    0x20, 0x20, 0x20, 0x20, 0x20, 0x20, 0x20, 0x20, 0x20, 0x20, 0x20, 0x20, 0x20, 0x20, 0x20, 0x20, 
    0x20, 0x20, 0x20, 0x20, 0x20, 0x20, 0x22, 0x43, 0x6f, 0x6c, 0x6c, 0x61, 0x70, 0x73, 0x65, 0x20, 
    0x42, 0x75, 0x74, 0x74, 0x6f, 0x6e, 0x22, 0x3a, 0x20, 0x7b, 0x0d, 0x0a, 0x20, 0x20, 0x20, 0x20, 
    0x20, 0x20, 0x20, 0x20, 0x20, 0x20, 0x20, 0x20, 0x20, 0x20, 0x20, 0x20, 0x20, 0x20, 0x20, 0x20, 
    0x20, 0x20, 0x20, 0x20, 0x20, 0x20, 0x20, 0x20, 0x20, 0x20, 0x20, 0x20, 0x22, 0x5f, 0x69, 0x6e, 
    0x63, 0x6c, 0x75, 0x64, 0x65, 0x22, 0x3a, 0x20, 0x22, 0x51, 0x4c, 0x61, 0x79, 0x65, 0x72, 0x73, 
    0x2f, 0x71, 0x6c, 0x77, 0x69, 0x64, 0x67, 0x65, 0x74, 0x2e, 0x6a, 0x73, 0x6f, 0x6e, 0x3a, 0x3a, 
    0x57, 0x69, 0x64, 0x67, 0x65, 0x74, 0x22, 0x2c, 0x0d, 0x0a, 0x20, 0x20, 0x20, 0x20, 0x20, 0x20, 
    0x20, 0x20, 0x20, 0x20, 0x20, 0x20, 0x20, 0x20, 0x20, 0x20, 0x20, 0x20, 0x20, 0x20, 0x20, 0x20, 
    0x20, 0x20, 0x20, 0x20, 0x20, 0x20, 0x20, 0x20, 0x20, 0x20, 0x22, 0x63, 0x68, 0x69, 0x6c, 0x64, 
    0x72, 0x65, 0x6e, 0x22, 0x3a, 0x20, 0x7b, 0x0d, 0x0a, 0x20, 0x20, 0x20, 0x20, 0x20, 0x20, 0x20, 
    0x20, 0x20, 0x20, 0x20, 0x20, 0x20, 0x20, 0x20, 0x20, 0x20, 0x20, 0x20, 0x20, 0x20, 0x20, 0x20, 
    0x20, 0x20, 0x20, 0x20, 0x20, 0x20, 0x20, 0x20, 0x20, 0x20, 0x20, 0x20, 0x20, 0x22, 0x47, 0x72, 
    0x61, 0x70, 0x68, 0x69, 0x63, 0x22, 0x3a, 0x20, 0x7b, 0x0d, 0x0a, 0x20, 0x20, 0x20, 0x20, 0x20, 
    0x20, 0x20, 0x20, 0x20, 0x20, 0x20, 0x20, 0x20, 0x20, 0x20, 0x20, 0x20, 0x20, 0x20, 0x20, 0x20, 
    0x20, 0x20, 0x20, 0x20, 0x20, 0x20, 0x20, 0x20, 0x20, 0x20, 0x20, 0x20, 0x20, 0x20, 0x20, 0x20, 
    0x20, 0x20, 0x20, 0x22, 0x63, 0x68, 0x69, 0x6c, 0x64, 0x72, 0x65, 0x6e, 0x22, 0x3a, 0x20, 0x7b, 
    0x0d, 0x0a, 0x20, 0x20, 0x20, 0x20, 0x20, 0x20, 0x20, 0x20, 0x20, 0x20, 0x20, 0x20, 0x20, 0x20, 
    0x20, 0x20, 0x20, 0x20, 0x20, 0x20, 0x20, 0x20, 0x20, 0x20, 0x20, 0x20, 0x20, 0x20, 0x20, 0x20, 
    0x20, 0x20, 0x20, 0x20, 0x20, 0x20, 0x20, 0x20, 0x20, 0x20, 0x20, 0x20, 0x20, 0x20, 0x22, 0x53, 
    0x76, 0x67, 0x22, 0x3a, 0x20, 0x7b, 0x0d, 0x0a, 0x20, 0x20, 0x20, 0x20, 0x20, 0x20, 0x20, 0x20, 
    0x20, 0x20, 0x20, 0x20, 0x20, 0x20, 0x20, 0x20, 0x20, 0x20, 0x20, 0x20, 0x20, 0x20, 0x20, 0x20, 
    0x20, 0x20, 0x20, 0x20, 0x20, 0x20, 0x20, 0x20, 0x20, 0x20, 0x20, 0x20, 0x20, 0x20, 0x20, 0x20, 
    0x20, 0x20, 0x20, 0x20, 0x20, 0x20, 0x20, 0x20, 0x22, 0x61, 0x74, 0x74, 0x72, 0x69, 0x62, 0x75, 
    0x74, 0x65, 0x73, 0x22, 0x3a, 0x20, 0x7b, 0x0d, 0x0a, 0x20, 0x20, 0x20, 0x20, 0x20, 0x20, 0x20, 
    0x20, 0x20, 0x20, 0x20, 0x20, 0x20, 0x20, 0x20, 0x20, 0x20, 0x20, 0x20, 0x20, 0x20, 0x20, 0x20, 
    0x20, 0x20, 0x20, 0x20, 0x20, 0x20, 0x20, 0x20, 0x20, 0x20, 0x20, 0x20, 0x20, 0x20, 0x20, 0x20, 
    0x20, 0x20, 0x20, 0x20, 0x20, 0x20, 0x20, 0x20, 0x20, 0x20, 0x20, 0x20, 0x20, 0x22, 0x43, 0x6f, 
    0x6c, 0x6f, 0x72, 0x22, 0x3a, 0x20, 0x7b, 0x0d, 0x0a, 0x20, 0x20, 0x20, 0x20, 0x20, 0x20, 0x20, 
    0x20, 0x20, 0x20, 0x20, 0x20, 0x20, 0x20, 0x20, 0x20, 0x20, 0x20, 0x20, 0x20, 0x20, 0x20, 0x20, 
    0x20, 0x20, 0x20, 0x20, 0x20, 0x20, 0x20, 0x20, 0x20, 0x20, 0x20, 0x20, 0x20, 0x20, 0x20, 0x20, 
    0x20, 0x20, 0x20, 0x20, 0x20, 0x20, 0x20, 0x20, 0x20, 0x20, 0x20, 0x20, 0x20, 0x20, 0x20, 0x20, 
    0x20, 0x22, 0x73, 0x74, 0x61, 0x74, 0x65, 0x73, 0x22, 0x3a, 0x20, 0x7b, 0x0d, 0x0a, 0x20, 0x20, 
    0x20, 0x20, 0x20, 0x20, 0x20, 0x20, 0x20, 0x20, 0x20, 0x20, 0x20, 0x20, 0x20, 0x20, 0x20, 0x20, 
    0x20, 0x20, 0x20, 0x20, 0x20, 0x20, 0x20, 0x20, 0x20, 0x20, 0x20, 0x20, 0x20, 0x20, 0x20, 0x20, 
    0x20, 0x20, 0x20, 0x20, 0x20, 0x20, 0x20, 0x20, 0x20, 0x20, 0x20, 0x20, 0x20, 0x20, 0x20, 0x20, 
    0x20, 0x20, 0x20, 0x20, 0x20, 0x20, 0x20, 0x20, 0x20, 0x20, 0x22, 0x53, 0x65, 0x6c, 0x65, 0x63, 
    0x74, 0x65, 0x64, 0x22, 0x3a, 0x20, 0x22, 0x4c, 0x3a, 0x54, 0x68, 0x65, 0x6d, 0x65, 0x2f, 0x46, 
    0x6f, 0x72, 0x65, 0x67, 0x72, 0x6f, 0x75, 0x6e, 0x64, 0x22, 0x0d, 0x0a, 0x20, 0x20, 0x20, 0x20, 
    0x20, 0x20, 0x20, 0x20, 0x20, 0x20, 0x20, 0x20, 0x20, 0x20, 0x20, 0x20, 0x20, 0x20, 0x20, 0x20, 
    0x20, 0x20, 0x20, 0x20, 0x20, 0x20, 0x20, 0x20, 0x20, 0x20, 0x20, 0x20, 0x20, 0x20, 0x20, 0x20, 
    0x20, 0x20, 0x20, 0x20, 0x20, 0x20, 0x20, 0x20, 0x20, 0x20, 0x20, 0x20, 0x20, 0x20, 0x20, 0x20, 
    0x20, 0x20, 0x20, 0x20, 0x7d, 0x2c, 0x0d, 0x0a, 0x20, 0x20, 0x20, 0x20, 0x20, 0x20, 0x20, 0x20, 
    0x20, 0x20, 0x20, 0x20, 0x20, 0x20, 0x20, 0x20, 0x20, 0x20, 0x20, 0x20, 0x20, 0x20, 0x20, 0x20, 
    0x20, 0x20, 0x20, 0x20, 0x20, 0x20, 0x20, 0x20, 0x20, 0x20, 0x20, 0x20, 0x20, 0x20, 0x20, 0x20, 
    0x20, 0x20, 0x20, 0x20, 0x20, 0x20, 0x20, 0x20, 0x20, 0x20, 0x20, 0x20, 0x20, 0x20, 0x20, 0x20, 
    0x22, 0x76, 0x61, 0x6c, 0x75, 0x65, 0x22, 0x3a, 0x20, 0x22, 0x23, 0x39, 0x36, 0x39, 0x38, 0x39, 
    0x64, 0x22, 0x0d, 0x0a, 0x20, 0x20, 0x20, 0x20, 0x20, 0x20, 0x20, 0x20, 0x20, 0x20, 0x20, 0x20, 
    0x20, 0x20, 0x20, 0x20, 0x20, 0x20, 0x20, 0x20, 0x20, 0x20, 0x20, 0x20, 0x20, 0x20, 0x20, 0x20, 
    0x20, 0x20, 0x20, 0x20, 0x20, 0x20, 0x20, 0x20, 0x20, 0x20, 0x20, 0x20, 0x20, 0x20, 0x20, 0x20, 
    0x20, 0x20, 0x20, 0x20, 0x20, 0x20, 0x20, 0x20, 0x7d, 0x0d, 0x0a, 0x20, 0x20, 0x20, 0x20, 0x20, 
    0x20, 0x20, 0x20, 0x20, 0x20, 0x20, 0x20, 0x20, 0x20, 0x20, 0x20, 0x20, 0x20, 0x20, 0x20, 0x20, 
    0x20, 0x20, 0x20, 0x20, 0x20, 0x20, 0x20, 0x20, 0x20, 0x20, 0x20, 0x20, 0x20, 0x20, 0x20, 0x20, 
    0x20, 0x20, 0x20, 0x20, 0x20, 0x20, 0x20, 0x20, 0x20, 0x20, 0x20, 0x7d, 0x0d, 0x0a, 0x20, 0x20, 
    0x20, 0x20, 0x20, 0x20, 0x20, 0x20, 0x20, 0x20, 0x20, 0x20, 0x20, 0x20, 0x20, 0x20, 0x20, 0x20, 
    0x20, 0x20, 0x20, 0x20, 0x20, 0x20, 0x20, 0x20, 0x20, 0x20, 0x20, 0x20, 0x20, 0x20, 0x20, 0x20, 
    0x20, 0x20, 0x20, 0x20, 0x20, 0x20, 0x20, 0x20, 0x20, 0x20, 0x7d, 0x0d, 0x0a, 0x20, 0x20, 0x20, 
    0x20, 0x20, 0x20, 0x20, 0x20, 0x20, 0x20, 0x20, 0x20, 0x20, 0x20, 0x20, 0x20, 0x20, 0x20, 0x20, 
    0x20, 0x20, 0x20, 0x20, 0x20, 0x20, 0x20, 0x20, 0x20, 0x20, 0x20, 0x20, 0x20, 0x20, 0x20, 0x20, 
    0x20, 0x20, 0x20, 0x20, 0x20, 0x7d, 0x0d, 0x0a, 0x20, 0x20, 0x20, 0x20, 0x20, 0x20, 0x20, 0x20, 
    0x20, 0x20, 0x20, 0x20, 0x20, 0x20, 0x20, 0x20, 0x20, 0x20, 0x20, 0x20, 0x20, 0x20, 0x20, 0x20, 
    0x20, 0x20, 0x20, 0x20, 0x20, 0x20, 0x20, 0x20, 0x20, 0x20, 0x20, 0x20, 0x7d, 0x2c, 0x0d, 0x0a, 
    0x20, 0x20, 0x20, 0x20, 0x20, 0x20, 0x20, 0x20, 0x20, 0x20, 0x20, 0x20, 0x20, 0x20, 0x20, 0x20, 
    0x20, 0x20, 0x20, 0x20, 0x20, 0x20, 0x20, 0x20, 0x20, 0x20, 0x20, 0x20, 0x20, 0x20, 0x20, 0x20, 
    0x20, 0x20, 0x20, 0x20, 0x22, 0x47, 0x72, 0x61, 0x70, 0x68, 0x69, 0x63, 0x20, 0x41, 0x66, 0x74, 
    0x65, 0x72, 0x22, 0x3a, 0x20, 0x7b, 0x0d, 0x0a, 0x20, 0x20, 0x20, 0x20, 0x20, 0x20, 0x20, 0x20, 
    0x20, 0x20, 0x20, 0x20, 0x20, 0x20, 0x20, 0x20, 0x20, 0x20, 0x20, 0x20, 0x20, 0x20, 0x20, 0x20, 
    0x20, 0x20, 0x20, 0x20, 0x20, 0x20, 0x20, 0x20, 0x20, 0x20, 0x20, 0x20, 0x20, 0x20, 0x20, 0x20, 
    0x22, 0x63, 0x68, 0x69, 0x6c, 0x64, 0x72, 0x65, 0x6e, 0x22, 0x3a, 0x20, 0x7b, 0x0d, 0x0a, 0x20, 
    0x20, 0x20, 0x20, 0x20, 0x20, 0x20, 0x20, 0x20, 0x20, 0x20, 0x20, 0x20, 0x20, 0x20, 0x20, 0x20, 
    0x20, 0x20, 0x20, 0x20, 0x20, 0x20, 0x20, 0x20, 0x20, 0x20, 0x20, 0x20, 0x20, 0x20, 0x20, 0x20, 
    0x20, 0x20, 0x20, 0x20, 0x20, 0x20, 0x20, 0x20, 0x20, 0x20, 0x20, 0x22, 0x53, 0x76, 0x67, 0x22, 
    0x3a, 0x20, 0x7b, 0x0d, 0x0a, 0x20, 0x20, 0x20, 0x20, 0x20, 0x20, 0x20, 0x20, 0x20, 0x20, 0x20, 
    0x20, 0x20, 0x20, 0x20, 0x20, 0x20, 0x20, 0x20, 0x20, 0x20, 0x20, 0x20, 0x20, 0x20, 0x20, 0x20, 
    0x20, 0x20, 0x20, 0x20, 0x20, 0x20, 0x20, 0x20, 0x20, 0x20, 0x20, 0x20, 0x20, 0x20, 0x20, 0x20, 
    0x20, 0x20, 0x20, 0x20, 0x20, 0x22, 0x61, 0x74, 0x74, 0x72, 0x69, 0x62, 0x75, 0x74, 0x65, 0x73, 
    0x22, 0x3a, 0x20, 0x7b, 0x0d, 0x0a, 0x20, 0x20, 0x20, 0x20, 0x20, 0x20, 0x20, 0x20, 0x20, 0x20, 
    0x20, 0x20, 0x20, 0x20, 0x20, 0x20, 0x20, 0x20, 0x20, 0x20, 0x20, 0x20, 0x20, 0x20, 0x20, 0x20, 
    0x20, 0x20, 0x20, 0x20, 0x20, 0x20, 0x20, 0x20, 0x20, 0x20, 0x20, 0x20, 0x20, 0x20, 0x20, 0x20, 
    0x20, 0x20, 0x20, 0x20, 0x20, 0x20, 0x20, 0x20, 0x20, 0x20, 0x22, 0x43, 0x6f, 0x6c, 0x6f, 0x72, 
    0x22, 0x3a, 0x20, 0x7b, 0x0d, 0x0a, 0x20, 0x20, 0x20, 0x20, 0x20, 0x20, 0x20, 0x20, 0x20, 0x20, 
    0x20, 0x20, 0x20, 0x20, 0x20, 0x20, 0x20, 0x20, 0x20, 0x20, 0x20, 0x20, 0x20, 0x20, 0x20, 0x20, 
    0x20, 0x20, 0x20, 0x20, 0x20, 0x20, 0x20, 0x20, 0x20, 0x20, 0x20, 0x20, 0x20, 0x20, 0x20, 0x20, 
    0x20, 0x20, 0x20, 0x20, 0x20, 0x20, 0x20, 0x20, 0x20, 0x20, 0x20, 0x20, 0x20, 0x20, 0x22, 0x73, 
    0x74, 0x61, 0x74, 0x65, 0x73, 0x22, 0x3a, 0x20, 0x7b, 0x0d, 0x0a, 0x20, 0x20, 0x20, 0x20, 0x20, 
    0x20, 0x20, 0x20, 0x20, 0x20, 0x20, 0x20, 0x20, 0x20, 0x20, 0x20, 0x20, 0x20, 0x20, 0x20, 0x20, 
    0x20, 0x20, 0x20, 0x20, 0x20, 0x20, 0x20, 0x20, 0x20, 0x20, 0x20, 0x20, 0x20, 0x20, 0x20, 0x20, 
    0x20, 0x20, 0x20, 0x20, 0x20, 0x20, 0x20, 0x20, 0x20, 0x20, 0x20, 0x20, 0x20, 0x20, 0x20, 0x20, 
    0x20, 0x20, 0x20, 0x20, 0x20, 0x20, 0x20, 0x22, 0x53, 0x65, 0x6c, 0x65, 0x63, 0x74, 0x65, 0x64, 
    0x22, 0x3a, 0x20, 0x22, 0x4c, 0x3a, 0x54, 0x68, 0x65, 0x6d, 0x65, 0x2f, 0x46, 0x6f, 0x72, 0x65, 
    0x67, 0x72, 0x6f, 0x75, 0x6e, 0x64, 0x22, 0x0d, 0x0a, 0x20, 0x20, 0x20, 0x20, 0x20, 0x20, 0x20, 
    0x20, 0x20, 0x20, 0x20, 0x20, 0x20, 0x20, 0x20, 0x20, 0x20, 0x20, 0x20, 0x20, 0x20, 0x20, 0x20, 
    0x20, 0x20, 0x20, 0x20, 0x20, 0x20, 0x20, 0x20, 0x20, 0x20, 0x20, 0x20, 0x20, 0x20, 0x20, 0x20, 
    0x20, 0x20, 0x20, 0x20, 0x20, 0x20, 0x20, 0x20, 0x20, 0x20, 0x20, 0x20, 0x20, 0x20, 0x20, 0x20, 
    0x20, 0x7d, 0x2c, 0x0d, 0x0a, 0x20, 0x20, 0x20, 0x20, 0x20, 0x20, 0x20, 0x20, 0x20, 0x20, 0x20, 
    0x20, 0x20, 0x20, 0x20, 0x20, 0x20, 0x20, 0x20, 0x20, 0x20, 0x20, 0x20, 0x20, 0x20, 0x20, 0x20, 
    0x20, 0x20, 0x20, 0x20, 0x20, 0x20, 0x20, 0x20, 0x20, 0x20, 0x20, 0x20, 0x20, 0x20, 0x20, 0x20, 
    0x20, 0x20, 0x20, 0x20, 0x20, 0x20, 0x20, 0x20, 0x20, 0x20, 0x20, 0x20, 0x20, 0x22, 0x76, 0x61, 
    0x6c, 0x75, 0x65, 0x22, 0x3a, 0x20, 0x22, 0x23, 0x39, 0x36, 0x39, 0x38, 0x39, 0x64, 0x22, 0x0d, 
    0x0a, 0x20, 0x20, 0x20, 0x20, 0x20, 0x20, 0x20, 0x20, 0x20, 0x20, 0x20, 0x20, 0x20, 0x20, 0x20, 
    0x20, 0x20, 0x20, 0x20, 0x20, 0x20, 0x20, 0x20, 0x20, 0x20, 0x20, 0x20, 0x20, 0x20, 0x20, 0x20, 
    0x20, 0x20, 0x20, 0x20, 0x20, 0x20, 0x20, 0x20, 0x20, 0x20, 0x20, 0x20, 0x20, 0x20, 0x20, 0x20, 
    0x20, 0x20, 0x20, 0x20, 0x20, 0x7d, 0x0d, 0x0a, 0x20, 0x20, 0x20, 0x20, 0x20, 0x20, 0x20, 0x20, 
    0x20, 0x20, 0x20, 0x20, 0x20, 0x20, 0x20, 0x20, 0x20, 0x20, 0x20, 0x20, 0x20, 0x20, 0x20, 0x20, 
    0x20, 0x20, 0x20, 0x20, 0x20, 0x20, 0x20, 0x20, 0x20, 0x20, 0x20, 0x20, 0x20, 0x20, 0x20, 0x20, 
    0x20, 0x20, 0x20, 0x20, 0x20, 0x20, 0x20, 0x20, 0x7d, 0x0d, 0x0a, 0x20, 0x20, 0x20, 0x20, 0x20, 
    0x20, 0x20, 0x20, 0x20, 0x20, 0x20, 0x20, 0x20, 0x20, 0x20, 0x20, 0x20, 0x20, 0x20, 0x20, 0x20, 
    0x20, 0x20, 0x20, 0x20, 0x20, 0x20, 0x20, 0x20, 0x20, 0x20, 0x20, 0x20, 0x20, 0x20, 0x20, 0x20, 
    0x20, 0x20, 0x20, 0x20, 0x20, 0x20, 0x20, 0x7d, 0x0d, 0x0a, 0x20, 0x20, 0x20, 0x20, 0x20, 0x20, 
    0x20, 0x20, 0x20, 0x20, 0x20, 0x20, 0x20, 0x20, 0x20, 0x20, 0x20, 0x20, 0x20, 0x20, 0x20, 0x20, 
    0x20, 0x20, 0x20, 0x20, 0x20, 0x20, 0x20, 0x20, 0x20, 0x20, 0x20, 0x20, 0x20, 0x20, 0x20, 0x20, 
    0x20, 0x20, 0x7d, 0x0d, 0x0a, 0x20, 0x20, 0x20, 0x20, 0x20, 0x20, 0x20, 0x20, 0x20, 0x20, 0x20, 
    0x20, 0x20, 0x20, 0x20, 0x20, 0x20, 0x20, 0x20, 0x20, 0x20, 0x20, 0x20, 0x20, 0x20, 0x20, 0x20, 
    0x20, 0x20, 0x20, 0x20, 0x20, 0x20, 0x20, 0x20, 0x20, 0x7d, 0x0d, 0x0a, 0x20, 0x20, 0x20, 0x20, 
    0x20, 0x20, 0x20, 0x20, 0x20, 0x20, 0x20, 0x20, 0x20, 0x20, 0x20, 0x20, 0x20, 0x20, 0x20, 0x20, 
    0x20, 0x20, 0x20, 0x20, 0x20, 0x20, 0x20, 0x20, 0x20, 0x20, 0x20, 0x20, 0x7d, 0x0d, 0x0a, 0x20, 
    0x20, 0x20, 0x20, 0x20, 0x20, 0x20, 0x20, 0x20, 0x20, 0x20, 0x20, 0x20, 0x20, 0x20, 0x20, 0x20, 
    0x20, 0x20, 0x20, 0x20, 0x20, 0x20, 0x20, 0x20, 0x20, 0x20, 0x20, 0x7d, 0x2c, 0x0d, 0x0a, 0x20, 
    0x20, 0x20, 0x20, 0x20, 0x20, 0x20, 0x20, 0x20, 0x20, 0x20, 0x20, 0x20, 0x20, 0x20, 0x20, 0x20, 
    0x20, 0x20, 0x20, 0x20, 0x20, 0x20, 0x20, 0x20, 0x20, 0x20, 0x20, 0x22, 0x4c, 0x61, 0x62, 0x65, 
    0x6c, 0x22, 0x3a, 0x20, 0x22, 0x51, 0x4c, 0x61, 0x79, 0x65, 0x72, 0x73, 0x2f, 0x71, 0x6c, 0x6c, 
    0x61, 0x62, 0x65, 0x6c, 0x2e, 0x6a, 0x73, 0x6f, 0x6e, 0x3a, 0x3a, 0x4c, 0x61, 0x62, 0x65, 0x6c, 
    0x22, 0x0d, 0x0a, 0x20, 0x20, 0x20, 0x20, 0x20, 0x20, 0x20, 0x20, 0x20, 0x20, 0x20, 0x20, 0x20, 
    0x20, 0x20, 0x20, 0x20, 0x20, 0x20, 0x20, 0x20, 0x20, 0x20, 0x20, 0x7d, 0x0d, 0x0a, 0x20, 0x20, 
    0x20, 0x20, 0x20, 0x20, 0x20, 0x20, 0x20, 0x20, 0x20, 0x20, 0x20, 0x20, 0x20, 0x20, 0x20, 0x20, 
    0x20, 0x20, 0x7d, 0x2c, 0x0d, 0x0a, 0x20, 0x20, 0x20, 0x20, 0x20, 0x20, 0x20, 0x20, 0x20, 0x20, 
    0x20, 0x20, 0x20, 0x20, 0x20, 0x20, 0x20, 0x20, 0x20, 0x20, 0x22, 0x44, 0x69, 0x76, 0x69, 0x64, 
    0x65, 0x72, 0x73, 0x22, 0x3a, 0x20, 0x7b, 0x0d, 0x0a, 0x20, 0x20, 0x20, 0x20, 0x20, 0x20, 0x20, 
    0x20, 0x20, 0x20, 0x20, 0x20, 0x20, 0x20, 0x20, 0x20, 0x20, 0x20, 0x20, 0x20, 0x20, 0x20, 0x20, 
    0x20, 0x22, 0x5f, 0x69, 0x6e, 0x63, 0x6c, 0x75, 0x64, 0x65, 0x22, 0x3a, 0x20, 0x22, 0x51, 0x4c, 
    0x61, 0x79, 0x65, 0x72, 0x73, 0x2f, 0x71, 0x6c, 0x77, 0x69, 0x64, 0x67, 0x65, 0x74, 0x2e, 0x6a, 
    0x73, 0x6f, 0x6e, 0x3a, 0x3a, 0x57, 0x69, 0x64, 0x67, 0x65, 0x74, 0x22, 0x2c, 0x0d, 0x0a, 0x20, 
    0x20, 0x20, 0x20, 0x20, 0x20, 0x20, 0x20, 0x20, 0x20, 0x20, 0x20, 0x20, 0x20, 0x20, 0x20, 0x20, 
    0x20, 0x20, 0x20, 0x20, 0x20, 0x20, 0x20, 0x22, 0x61, 0x74, 0x74, 0x72, 0x69, 0x62, 0x75, 0x74, 
    0x65, 0x73, 0x22, 0x3a, 0x20, 0x7b, 0x0d, 0x0a, 0x20, 0x20, 0x20, 0x20, 0x20, 0x20, 0x20, 0x20, 
    0x20, 0x20, 0x20, 0x20, 0x20, 0x20, 0x20, 0x20, 0x20, 0x20, 0x20, 0x20, 0x20, 0x20, 0x20, 0x20, 
    0x20, 0x20, 0x20, 0x20, 0x22, 0x46, 0x69, 0x6c, 0x6c, 0x22, 0x3a, 0x20, 0x22, 0x4c, 0x3a, 0x54, 
    0x68, 0x65, 0x6d, 0x65, 0x2f, 0x54, 0x65, 0x72, 0x74, 0x69, 0x61, 0x72, 0x79, 0x22, 0x0d, 0x0a, 
    0x20, 0x20, 0x20, 0x20, 0x20, 0x20, 0x20, 0x20, 0x20, 0x20, 0x20, 0x20, 0x20, 0x20, 0x20, 0x20, 
    0x20, 0x20, 0x20, 0x20, 0x20, 0x20, 0x20, 0x20, 0x7d, 0x0d, 0x0a, 0x20, 0x20, 0x20, 0x20, 0x20, 
    0x20, 0x20, 0x20, 0x20, 0x20, 0x20, 0x20, 0x20, 0x20, 0x20, 0x20, 0x20, 0x20, 0x20, 0x20, 0x7d, 
    0x2c, 0x0d, 0x0a, 0x20, 0x20, 0x20, 0x20, 0x20, 0x20, 0x20, 0x20, 0x20, 0x20, 0x20, 0x20, 0x20, 
    0x20, 0x20, 0x20, 0x20, 0x20, 0x20, 0x20, 0x22, 0x45, 0x64, 0x69, 0x74, 0x6f, 0x72, 0x22, 0x3a, 
    0x20, 0x7b, 0x0d, 0x0a, 0x20, 0x20, 0x20, 0x20, 0x20, 0x20, 0x20, 0x20, 0x20, 0x20, 0x20, 0x20, 
    0x20, 0x20, 0x20, 0x20, 0x20, 0x20, 0x20, 0x20, 0x20, 0x20, 0x20, 0x20, 0x22, 0x5f, 0x69, 0x6e, 
    0x63, 0x6c, 0x75, 0x64, 0x65, 0x22, 0x3a, 0x20, 0x22, 0x51, 0x4c, 0x61, 0x79, 0x65, 0x72, 0x73, 
    0x2f, 0x71, 0x6c, 0x77, 0x69, 0x64, 0x67, 0x65, 0x74, 0x2e, 0x6a, 0x73, 0x6f, 0x6e, 0x3a, 0x3a, 
    0x57, 0x69, 0x64, 0x67, 0x65, 0x74, 0x22, 0x2c, 0x0d, 0x0a, 0x20, 0x20, 0x20, 0x20, 0x20, 0x20, 
    0x20, 0x20, 0x20, 0x20, 0x20, 0x20, 0x20, 0x20, 0x20, 0x20, 0x20, 0x20, 0x20, 0x20, 0x20, 0x20, 
    0x20, 0x20, 0x22, 0x63, 0x68, 0x69, 0x6c, 0x64, 0x72, 0x65, 0x6e, 0x22, 0x3a, 0x20, 0x7b, 0x0d, 
    0x0a, 0x20, 0x20, 0x20, 0x20, 0x20, 0x20, 0x20, 0x20, 0x20, 0x20, 0x20, 0x20, 0x20, 0x20, 0x20, 
    0x20, 0x20, 0x20, 0x20, 0x20, 0x20, 0x20, 0x20, 0x20, 0x20, 0x20, 0x20, 0x20, 0x22, 0x41, 0x74, 
    0x74, 0x72, 0x69, 0x62, 0x75, 0x74, 0x65, 0x20, 0x45, 0x64, 0x69, 0x74, 0x6f, 0x72, 0x73, 0x20, 
    0x53, 0x63, 0x72, 0x6f, 0x6c, 0x6c, 0x20, 0x41, 0x72, 0x65, 0x61, 0x22, 0x3a, 0x20, 0x7b, 0x0d, 
    0x0a, 0x20, 0x20, 0x20, 0x20, 0x20, 0x20, 0x20, 0x20, 0x20, 0x20, 0x20, 0x20, 0x20, 0x20, 0x20, 
    0x20, 0x20, 0x20, 0x20, 0x20, 0x20, 0x20, 0x20, 0x20, 0x20, 0x20, 0x20, 0x20, 0x20, 0x20, 0x20, 
    0x20, 0x22, 0x63, 0x68, 0x69, 0x6c, 0x64, 0x72, 0x65, 0x6e, 0x22, 0x3a, 0x20, 0x7b, 0x0d, 0x0a, 
    0x20, 0x20, 0x20, 0x20, 0x20, 0x20, 0x20, 0x20, 0x20, 0x20, 0x20, 0x20, 0x20, 0x20, 0x20, 0x20, 
    0x20, 0x20, 0x20, 0x20, 0x20, 0x20, 0x20, 0x20, 0x20, 0x20, 0x20, 0x20, 0x20, 0x20, 0x20, 0x20, 
    0x20, 0x20, 0x20, 0x20, 0x22, 0x56, 0x65, 0x72, 0x74, 0x69, 0x63, 0x61, 0x6c, 0x20, 0x53, 0x63, 
    0x72, 0x6f, 0x6c, 0x6c, 0x42, 0x61, 0x72, 0x22, 0x3a, 0x20, 0x22, 0x51, 0x4c, 0x61, 0x79, 0x65, 
    0x72, 0x73, 0x2f, 0x71, 0x6c, 0x73, 0x63, 0x72, 0x6f, 0x6c, 0x6c, 0x62, 0x61, 0x72, 0x2e, 0x6a, 
    0x73, 0x6f, 0x6e, 0x3a, 0x3a, 0x53, 0x63, 0x72, 0x6f, 0x6c, 0x6c, 0x20, 0x42, 0x61, 0x72, 0x22, 
    0x0d, 0x0a, 0x20, 0x20, 0x20, 0x20, 0x20, 0x20, 0x20, 0x20, 0x20, 0x20, 0x20, 0x20, 0x20, 0x20, 
    0x20, 0x20, 0x20, 0x20, 0x20, 0x20, 0x20, 0x20, 0x20, 0x20, 0x20, 0x20, 0x20, 0x20, 0x20, 0x20, 
    0x20, 0x20, 0x7d, 0x0d, 0x0a, 0x20, 0x20, 0x20, 0x20, 0x20, 0x20, 0x20, 0x20, 0x20, 0x20, 0x20, 
    0x20, 0x20, 0x20, 0x20, 0x20, 0x20, 0x20, 0x20, 0x20, 0x20, 0x20, 0x20, 0x20, 0x20, 0x20, 0x20, 
    0x20, 0x7d, 0x2c, 0x0d, 0x0a, 0x20, 0x20, 0x20, 0x20, 0x20, 0x20, 0x20, 0x20, 0x20, 0x20, 0x20, 
    0x20, 0x20, 0x20, 0x20, 0x20, 0x20, 0x20, 0x20, 0x20, 0x20, 0x20, 0x20, 0x20, 0x20, 0x20, 0x20, 
    0x20, 0x22, 0x53, 0x69, 0x64, 0x65, 0x62, 0x61, 0x72, 0x22, 0x3a, 0x20, 0x7b, 0x0d, 0x0a, 0x20, 
    0x20, 0x20, 0x20, 0x20, 0x20, 0x20, 0x20, 0x20, 0x20, 0x20, 0x20, 0x20, 0x20, 0x20, 0x20, 0x20, 
    0x20, 0x20, 0x20, 0x20, 0x20, 0x20, 0x20, 0x20, 0x20, 0x20, 0x20, 0x20, 0x20, 0x20, 0x20, 0x22, 
    0x5f, 0x69, 0x6e, 0x63, 0x6c, 0x75, 0x64, 0x65, 0x22, 0x3a, 0x20, 0x22, 0x51, 0x4c, 0x61, 0x79, 
    0x65, 0x72, 0x73, 0x2f, 0x71, 0x6c, 0x77, 0x69, 0x64, 0x67, 0x65, 0x74, 0x2e, 0x6a, 0x73, 0x6f, 
    0x6e, 0x3a, 0x3a, 0x57, 0x69, 0x64, 0x67, 0x65, 0x74, 0x22, 0x2c, 0x0d, 0x0a, 0x20, 0x20, 0x20, 
    0x20, 0x20, 0x20, 0x20, 0x20, 0x20, 0x20, 0x20, 0x20, 0x20, 0x20, 0x20, 0x20, 0x20, 0x20, 0x20, 
    0x20, 0x20, 0x20, 0x20, 0x20, 0x20, 0x20, 0x20, 0x20, 0x20, 0x20, 0x20, 0x20, 0x22, 0x61, 0x74, 
    0x74, 0x72, 0x69, 0x62, 0x75, 0x74, 0x65, 0x73, 0x22, 0x3a, 0x20, 0x7b, 0x0d, 0x0a, 0x20, 0x20, 
    0x20, 0x20, 0x20, 0x20, 0x20, 0x20, 0x20, 0x20, 0x20, 0x20, 0x20, 0x20, 0x20, 0x20, 0x20, 0x20, 
    0x20, 0x20, 0x20, 0x20, 0x20, 0x20, 0x20, 0x20, 0x20, 0x20, 0x20, 0x20, 0x20, 0x20, 0x20, 0x20, 
    0x20, 0x20, 0x22, 0x46, 0x69, 0x6c, 0x6c, 0x22, 0x3a, 0x20, 0x22, 0x4c, 0x3a, 0x54, 0x68, 0x65, 
    0x6d, 0x65, 0x2f, 0x53, 0x65, 0x63, 0x6f, 0x6e, 0x64, 0x61, 0x72, 0x79, 0x22, 0x0d, 0x0a, 0x20, 
    0x20, 0x20, 0x20, 0x20, 0x20, 0x20, 0x20, 0x20, 0x20, 0x20, 0x20, 0x20, 0x20, 0x20, 0x20, 0x20, 
    0x20, 0x20, 0x20, 0x20, 0x20, 0x20, 0x20, 0x20, 0x20, 0x20, 0x20, 0x20, 0x20, 0x20, 0x20, 0x7d, 
    0x2c, 0x0d, 0x0a, 0x20, 0x20, 0x20, 0x20, 0x20, 0x20, 0x20, 0x20, 0x20, 0x20, 0x20, 0x20, 0x20, 
    0x20, 0x20, 0x20, 0x20, 0x20, 0x20, 0x20, 0x20, 0x20, 0x20, 0x20, 0x20, 0x20, 0x20, 0x20, 0x20, 
    0x20, 0x20, 0x20, 0x22, 0x63, 0x68, 0x69, 0x6c, 0x64, 0x72, 0x65, 0x6e, 0x22, 0x3a, 0x20, 0x7b, 
    0x0d, 0x0a, 0x20, 0x20, 0x20, 0x20, 0x20, 0x20, 0x20, 0x20, 0x20, 0x20, 0x20, 0x20, 0x20, 0x20, 
    0x20, 0x20, 0x20, 0x20, 0x20, 0x20, 0x20, 0x20, 0x20, 0x20, 0x20, 0x20, 0x20, 0x20, 0x20, 0x20, 
    0x20, 0x20, 0x20, 0x20, 0x20, 0x20, 0x22, 0x44, 0x65, 0x66, 0x69, 0x6e, 0x69, 0x74, 0x69, 0x6f, 
    0x6e, 0x20, 0x56, 0x69, 0x65, 0x77, 0x22, 0x3a, 0x20, 0x7b, 0x0d, 0x0a, 0x20, 0x20, 0x20, 0x20, 
    0x20, 0x20, 0x20, 0x20, 0x20, 0x20, 0x20, 0x20, 0x20, 0x20, 0x20, 0x20, 0x20, 0x20, 0x20, 0x20, 
    0x20, 0x20, 0x20, 0x20, 0x20, 0x20, 0x20, 0x20, 0x20, 0x20, 0x20, 0x20, 0x20, 0x20, 0x20, 0x20, 
    0x20, 0x20, 0x20, 0x20, 0x22, 0x61, 0x74, 0x74, 0x72, 0x69, 0x62, 0x75, 0x74, 0x65, 0x73, 0x22, 
    0x3a, 0x20, 0x7b, 0x0d, 0x0a, 0x20, 0x20, 0x20, 0x20, 0x20, 0x20, 0x20, 0x20, 0x20, 0x20, 0x20, 
    0x20, 0x20, 0x20, 0x20, 0x20, 0x20, 0x20, 0x20, 0x20, 0x20, 0x20, 0x20, 0x20, 0x20, 0x20, 0x20, 
    0x20, 0x20, 0x20, 0x20, 0x20, 0x20, 0x20, 0x20, 0x20, 0x20, 0x20, 0x20, 0x20, 0x20, 0x20, 0x20, 
    0x20, 0x22, 0x46, 0x69, 0x6c, 0x6c, 0x22, 0x3a, 0x20, 0x22, 0x4c, 0x3a, 0x54, 0x68, 0x65, 0x6d, 
    0x65, 0x2f, 0x53, 0x65, 0x63, 0x6f, 0x6e, 0x64, 0x61, 0x72, 0x79, 0x22, 0x2c, 0x0d, 0x0a, 0x20, 
    0x20, 0x20, 0x20, 0x20, 0x20, 0x20, 0x20, 0x20, 0x20, 0x20, 0x20, 0x20, 0x20, 0x20, 0x20, 0x20, 
    0x20, 0x20, 0x20, 0x20, 0x20, 0x20, 0x20, 0x20, 0x20, 0x20, 0x20, 0x20, 0x20, 0x20, 0x20, 0x20, 
    0x20, 0x20, 0x20, 0x20, 0x20, 0x20, 0x20, 0x20, 0x20, 0x20, 0x20, 0x22, 0x54, 0x65, 0x78, 0x74, 
    0x20, 0x43, 0x6f, 0x6c, 0x6f, 0x72, 0x22, 0x3a, 0x20, 0x22, 0x4c, 0x3a, 0x54, 0x68, 0x65, 0x6d, 
    0x65, 0x2f, 0x46, 0x6f, 0x72, 0x65, 0x67, 0x72, 0x6f, 0x75, 0x6e, 0x64, 0x22, 0x0d, 0x0a, 0x20, 
    0x20, 0x20, 0x20, 0x20, 0x20, 0x20, 0x20, 0x20, 0x20, 0x20, 0x20, 0x20, 0x20, 0x20, 0x20, 0x20, 
    0x20, 0x20, 0x20, 0x20, 0x20, 0x20, 0x20, 0x20, 0x20, 0x20, 0x20, 0x20, 0x20, 0x20, 0x20, 0x20, 
    0x20, 0x20, 0x20, 0x20, 0x20, 0x20, 0x20, 0x7d, 0x2c, 0x0d, 0x0a, 0x20, 0x20, 0x20, 0x20, 0x20, 
    0x20, 0x20, 0x20, 0x20, 0x20, 0x20, 0x20, 0x20, 0x20, 0x20, 0x20, 0x20, 0x20, 0x20, 0x20, 0x20, 
    0x20, 0x20, 0x20, 0x20, 0x20, 0x20, 0x20, 0x20, 0x20, 0x20, 0x20, 0x20, 0x20, 0x20, 0x20, 0x20, 
    0x20, 0x20, 0x20, 0x22, 0x63, 0x68, 0x69, 0x6c, 0x64, 0x72, 0x65, 0x6e, 0x22, 0x3a, 0x20, 0x7b, 
    0x0d, 0x0a, 0x20, 0x20, 0x20, 0x20, 0x20, 0x20, 0x20, 0x20, 0x20, 0x20, 0x20, 0x20, 0x20, 0x20, 
    0x20, 0x20, 0x20, 0x20, 0x20, 0x20, 0x20, 0x20, 0x20, 0x20, 0x20, 0x20, 0x20, 0x20, 0x20, 0x20, 
    0x20, 0x20, 0x20, 0x20, 0x20, 0x20, 0x20, 0x20, 0x20, 0x20, 0x20, 0x20, 0x20, 0x20, 0x22, 0x56, 
    0x65, 0x72, 0x74, 0x69, 0x63, 0x61, 0x6c, 0x20, 0x53, 0x63, 0x72, 0x6f, 0x6c, 0x6c, 0x42, 0x61, 
    0x72, 0x22, 0x3a, 0x20, 0x22, 0x51, 0x4c, 0x61, 0x79, 0x65, 0x72, 0x73, 0x2f, 0x71, 0x6c, 0x73, 
    0x63, 0x72, 0x6f, 0x6c, 0x6c, 0x62, 0x61, 0x72, 0x2e, 0x6a, 0x73, 0x6f, 0x6e, 0x3a, 0x3a, 0x53, 
    0x63, 0x72, 0x6f, 0x6c, 0x6c, 0x20, 0x42, 0x61, 0x72, 0x22, 0x0d, 0x0a, 0x20, 0x20, 0x20, 0x20, 
    0x20, 0x20, 0x20, 0x20, 0x20, 0x20, 0x20, 0x20, 0x20, 0x20, 0x20, 0x20, 0x20, 0x20, 0x20, 0x20, 
    0x20, 0x20, 0x20, 0x20, 0x20, 0x20, 0x20, 0x20, 0x20, 0x20, 0x20, 0x20, 0x20, 0x20, 0x20, 0x20, 
    0x20, 0x20, 0x20, 0x20, 0x7d, 0x0d, 0x0a, 0x20, 0x20, 0x20, 0x20, 0x20, 0x20, 0x20, 0x20, 0x20, 
    0x20, 0x20, 0x20, 0x20, 0x20, 0x20, 0x20, 0x20, 0x20, 0x20, 0x20, 0x20, 0x20, 0x20, 0x20, 0x20, 
    0x20, 0x20, 0x20, 0x20, 0x20, 0x20, 0x20, 0x20, 0x20, 0x20, 0x20, 0x7d, 0x0d, 0x0a, 0x20, 0x20, 
    0x20, 0x20, 0x20, 0x20, 0x20, 0x20, 0x20, 0x20, 0x20, 0x20, 0x20, 0x20, 0x20, 0x20, 0x20, 0x20, 
    0x20, 0x20, 0x20, 0x20, 0x20, 0x20, 0x20, 0x20, 0x20, 0x20, 0x20, 0x20, 0x20, 0x20, 0x7d, 0x0d, 
    0x0a, 0x20, 0x20, 0x20, 0x20, 0x20, 0x20, 0x20, 0x20, 0x20, 0x20, 0x20, 0x20, 0x20, 0x20, 0x20, 
    0x20, 0x20, 0x20, 0x20, 0x20, 0x20, 0x20, 0x20, 0x20, 0x20, 0x20, 0x20, 0x20, 0x7d, 0x0d, 0x0a, 
    0x20, 0x20, 0x20, 0x20, 0x20, 0x20, 0x20, 0x20, 0x20, 0x20, 0x20, 0x20, 0x20, 0x20, 0x20, 0x20, 
    0x20, 0x20, 0x20, 0x20, 0x20, 0x20, 0x20, 0x20, 0x7d, 0x0d, 0x0a, 0x20, 0x20, 0x20, 0x20, 0x20, 
    0x20, 0x20, 0x20, 0x20, 0x20, 0x20, 0x20, 0x20, 0x20, 0x20, 0x20, 0x20, 0x20, 0x20, 0x20, 0x7d, 
    0x2c, 0x0d, 0x0a, 0x20, 0x20, 0x20, 0x20, 0x20, 0x20, 0x20, 0x20, 0x20, 0x20, 0x20, 0x20, 0x20, 
    0x20, 0x20, 0x20, 0x20, 0x20, 0x20, 0x20, 0x22, 0x54, 0x61, 0x62, 0x20, 0x42, 0x61, 0x72, 0x22, 
    0x3a, 0x20, 0x22, 0x56, 0x6f, 0x72, 0x74, 0x65, 0x78, 0x2f, 0x76, 0x74, 0x61, 0x62, 0x62, 0x61, 
    0x72, 0x2e, 0x6a, 0x73, 0x6f, 0x6e, 0x3a, 0x3a, 0x54, 0x61, 0x62, 0x20, 0x42, 0x61, 0x72, 0x22, 
    0x0d, 0x0a, 0x20, 0x20, 0x20, 0x20, 0x20, 0x20, 0x20, 0x20, 0x20, 0x20, 0x20, 0x20, 0x20, 0x20, 
    0x20, 0x20, 0x7d, 0x0d, 0x0a, 0x20, 0x20, 0x20, 0x20, 0x20, 0x20, 0x20, 0x20, 0x20, 0x20, 0x20, 
    0x20, 0x7d, 0x2c, 0x0d, 0x0a, 0x20, 0x20, 0x20, 0x20, 0x20, 0x20, 0x20, 0x20, 0x20, 0x20, 0x20, 
    0x20, 0x22, 0x53, 0x65, 0x74, 0x20, 0x53, 0x65, 0x6c, 0x65, 0x63, 0x74, 0x6f, 0x72, 0x22, 0x3a, 
    0x20, 0x7b, 0x0d, 0x0a, 0x20, 0x20, 0x20, 0x20, 0x20, 0x20, 0x20, 0x20, 0x20, 0x20, 0x20, 0x20, 
    0x20, 0x20, 0x20, 0x20, 0x22, 0x5f, 0x69, 0x6e, 0x63, 0x6c, 0x75, 0x64, 0x65, 0x22, 0x3a, 0x20, 
    0x22, 0x51, 0x4c, 0x61, 0x79, 0x65, 0x72, 0x73, 0x2f, 0x71, 0x6c, 0x77, 0x69, 0x64, 0x67, 0x65, 
    0x74, 0x2e, 0x6a, 0x73, 0x6f, 0x6e, 0x3a, 0x3a, 0x57, 0x69, 0x64, 0x67, 0x65, 0x74, 0x22, 0x2c, 
    0x0d, 0x0a, 0x20, 0x20, 0x20, 0x20, 0x20, 0x20, 0x20, 0x20, 0x20, 0x20, 0x20, 0x20, 0x20, 0x20, 
    0x20, 0x20, 0x22, 0x63, 0x68, 0x69, 0x6c, 0x64, 0x72, 0x65, 0x6e, 0x22, 0x3a, 0x20, 0x7b, 0x0d, 
    0x0a, 0x20, 0x20, 0x20, 0x20, 0x20, 0x20, 0x20, 0x20, 0x20, 0x20, 0x20, 0x20, 0x20, 0x20, 0x20, 
    0x20, 0x20, 0x20, 0x20, 0x20, 0x22, 0x44, 0x69, 0x76, 0x69, 0x64, 0x65, 0x72, 0x73, 0x22, 0x3a, 
    0x20, 0x7b, 0x0d, 0x0a, 0x20, 0x20, 0x20, 0x20, 0x20, 0x20, 0x20, 0x20, 0x20, 0x20, 0x20, 0x20, 
    0x20, 0x20, 0x20, 0x20, 0x20, 0x20, 0x20, 0x20, 0x20, 0x20, 0x20, 0x20, 0x22, 0x5f, 0x69, 0x6e, 
    0x63, 0x6c, 0x75, 0x64, 0x65, 0x22, 0x3a, 0x20, 0x22, 0x51, 0x4c, 0x61, 0x79, 0x65, 0x72, 0x73, 
    0x2f, 0x71, 0x6c, 0x77, 0x69, 0x64, 0x67, 0x65, 0x74, 0x2e, 0x6a, 0x73, 0x6f, 0x6e, 0x3a, 0x3a, 
    0x57, 0x69, 0x64, 0x67, 0x65, 0x74, 0x22, 0x2c, 0x0d, 0x0a, 0x20, 0x20, 0x20, 0x20, 0x20, 0x20, 
    0x20, 0x20, 0x20, 0x20, 0x20, 0x20, 0x20, 0x20, 0x20, 0x20, 0x20, 0x20, 0x20, 0x20, 0x20, 0x20, 
    0x20, 0x20, 0x22, 0x61, 0x74, 0x74, 0x72, 0x69, 0x62, 0x75, 0x74, 0x65, 0x73, 0x22, 0x3a, 0x20, 
    0x7b, 0x0d, 0x0a, 0x20, 0x20, 0x20, 0x20, 0x20, 0x20, 0x20, 0x20, 0x20, 0x20, 0x20, 0x20, 0x20, 
    0x20, 0x20, 0x20, 0x20, 0x20, 0x20, 0x20, 0x20, 0x20, 0x20, 0x20, 0x20, 0x20, 0x20, 0x20, 0x22, 
    0x46, 0x69, 0x6c, 0x6c, 0x22, 0x3a, 0x20, 0x22, 0x4c, 0x3a, 0x54, 0x68, 0x65, 0x6d, 0x65, 0x2f, 
    0x54, 0x65, 0x72, 0x74, 0x69, 0x61, 0x72, 0x79, 0x22, 0x0d, 0x0a, 0x20, 0x20, 0x20, 0x20, 0x20, 
    0x20, 0x20, 0x20, 0x20, 0x20, 0x20, 0x20, 0x20, 0x20, 0x20, 0x20, 0x20, 0x20, 0x20, 0x20, 0x20, 
    0x20, 0x20, 0x20, 0x7d, 0x0d, 0x0a, 0x20, 0x20, 0x20, 0x20, 0x20, 0x20, 0x20, 0x20, 0x20, 0x20, 
    0x20, 0x20, 0x20, 0x20, 0x20, 0x20, 0x20, 0x20, 0x20, 0x20, 0x7d, 0x2c, 0x0d, 0x0a, 0x20, 0x20, 
    0x20, 0x20, 0x20, 0x20, 0x20, 0x20, 0x20, 0x20, 0x20, 0x20, 0x20, 0x20, 0x20, 0x20, 0x20, 0x20, 
    0x20, 0x20, 0x22, 0x53, 0x69, 0x64, 0x65, 0x62, 0x61, 0x72, 0x22, 0x3a, 0x20, 0x7b, 0x0d, 0x0a, 
    0x20, 0x20, 0x20, 0x20, 0x20, 0x20, 0x20, 0x20, 0x20, 0x20, 0x20, 0x20, 0x20, 0x20, 0x20, 0x20, 
    0x20, 0x20, 0x20, 0x20, 0x20, 0x20, 0x20, 0x20, 0x22, 0x5f, 0x69, 0x6e, 0x63, 0x6c, 0x75, 0x64, 
    0x65, 0x22, 0x3a, 0x20, 0x22, 0x51, 0x4c, 0x61, 0x79, 0x65, 0x72, 0x73, 0x2f, 0x71, 0x6c, 0x77, 
    0x69, 0x64, 0x67, 0x65, 0x74, 0x2e, 0x6a, 0x73, 0x6f, 0x6e, 0x3a, 0x3a, 0x57, 0x69, 0x64, 0x67, 
    0x65, 0x74, 0x22, 0x2c, 0x0d, 0x0a, 0x20, 0x20, 0x20, 0x20, 0x20, 0x20, 0x20, 0x20, 0x20, 0x20, 
    0x20, 0x20, 0x20, 0x20, 0x20, 0x20, 0x20, 0x20, 0x20, 0x20, 0x20, 0x20, 0x20, 0x20, 0x22, 0x61, 
    0x74, 0x74, 0x72, 0x69, 0x62, 0x75, 0x74, 0x65, 0x73, 0x22, 0x3a, 0x20, 0x7b, 0x0d, 0x0a, 0x20, 
    0x20, 0x20, 0x20, 0x20, 0x20, 0x20, 0x20, 0x20, 0x20, 0x20, 0x20, 0x20, 0x20, 0x20, 0x20, 0x20, 
    0x20, 0x20, 0x20, 0x20, 0x20, 0x20, 0x20, 0x20, 0x20, 0x20, 0x20, 0x22, 0x46, 0x69, 0x6c, 0x6c, 
    0x22, 0x3a, 0x20, 0x22, 0x4c, 0x3a, 0x54, 0x68, 0x65, 0x6d, 0x65, 0x2f, 0x53, 0x65, 0x63, 0x6f, 
    0x6e, 0x64, 0x61, 0x72, 0x79, 0x22, 0x0d, 0x0a, 0x20, 0x20, 0x20, 0x20, 0x20, 0x20, 0x20, 0x20, 
    0x20, 0x20, 0x20, 0x20, 0x20, 0x20, 0x20, 0x20, 0x20, 0x20, 0x20, 0x20, 0x20, 0x20, 0x20, 0x20, 
    0x7d, 0x2c, 0x0d, 0x0a, 0x20, 0x20, 0x20, 0x20, 0x20, 0x20, 0x20, 0x20, 0x20, 0x20, 0x20, 0x20, 
    0x20, 0x20, 0x20, 0x20, 0x20, 0x20, 0x20, 0x20, 0x20, 0x20, 0x20, 0x20, 0x22, 0x63, 0x68, 0x69, 
    0x6c, 0x64, 0x72, 0x65, 0x6e, 0x22, 0x3a, 0x20, 0x7b, 0x0d, 0x0a, 0x20, 0x20, 0x20, 0x20, 0x20, 
    0x20, 0x20, 0x20, 0x20, 0x20, 0x20, 0x20, 0x20, 0x20, 0x20, 0x20, 0x20, 0x20, 0x20, 0x20, 0x20, 
    0x20, 0x20, 0x20, 0x20, 0x20, 0x20, 0x20, 0x22, 0x53, 0x65, 0x74, 0x20, 0x42, 0x75, 0x74, 0x74, 
    0x6f, 0x6e, 0x22, 0x3a, 0x20, 0x7b, 0x0d, 0x0a, 0x20, 0x20, 0x20, 0x20, 0x20, 0x20, 0x20, 0x20, 
    0x20, 0x20, 0x20, 0x20, 0x20, 0x20, 0x20, 0x20, 0x20, 0x20, 0x20, 0x20, 0x20, 0x20, 0x20, 0x20, 
    0x20, 0x20, 0x20, 0x20, 0x20, 0x20, 0x20, 0x20, 0x22, 0x5f, 0x69, 0x6e, 0x63, 0x6c, 0x75, 0x64, 
    0x65, 0x22, 0x3a, 0x20, 0x22, 0x51, 0x4c, 0x61, 0x79, 0x65, 0x72, 0x73, 0x2f, 0x71, 0x6c, 0x77, 
    0x69, 0x64, 0x67, 0x65, 0x74, 0x2e, 0x6a, 0x73, 0x6f, 0x6e, 0x3a, 0x3a, 0x57, 0x69, 0x64, 0x67, 
    0x65, 0x74, 0x22, 0x2c, 0x0d, 0x0a, 0x20, 0x20, 0x20, 0x20, 0x20, 0x20, 0x20, 0x20, 0x20, 0x20, 
    0x20, 0x20, 0x20, 0x20, 0x20, 0x20, 0x20, 0x20, 0x20, 0x20, 0x20, 0x20, 0x20, 0x20, 0x20, 0x20, 
    0x20, 0x20, 0x20, 0x20, 0x20, 0x20, 0x22, 0x61, 0x74, 0x74, 0x72, 0x69, 0x62, 0x75, 0x74, 0x65, 
    0x73, 0x22, 0x3a, 0x20, 0x7b, 0x0d, 0x0a, 0x20, 0x20, 0x20, 0x20, 0x20, 0x20, 0x20, 0x20, 0x20, 
    0x20, 0x20, 0x20, 0x20, 0x20, 0x20, 0x20, 0x20, 0x20, 0x20, 0x20, 0x20, 0x20, 0x20, 0x20, 0x20, 
    0x20, 0x20, 0x20, 0x20, 0x20, 0x20, 0x20, 0x20, 0x20, 0x20, 0x20, 0x22, 0x43, 0x6f, 0x72, 0x6e, 
    0x65, 0x72, 0x20, 0x52, 0x61, 0x64, 0x69, 0x69, 0x2e, 0x42, 0x6f, 0x74, 0x74, 0x6f, 0x6d, 0x20, 
    0x4c, 0x65, 0x66, 0x74, 0x22, 0x3a, 0x20, 0x35, 0x2c, 0x0d, 0x0a, 0x20, 0x20, 0x20, 0x20, 0x20, 
    0x20, 0x20, 0x20, 0x20, 0x20, 0x20, 0x20, 0x20, 0x20, 0x20, 0x20, 0x20, 0x20, 0x20, 0x20, 0x20, 
    0x20, 0x20, 0x20, 0x20, 0x20, 0x20, 0x20, 0x20, 0x20, 0x20, 0x20, 0x20, 0x20, 0x20, 0x20, 0x22, 
    0x43, 0x6f, 0x72, 0x6e, 0x65, 0x72, 0x20, 0x52, 0x61, 0x64, 0x69, 0x69, 0x2e, 0x42, 0x6f, 0x74, 
    0x74, 0x6f, 0x6d, 0x20, 0x52, 0x69, 0x67, 0x68, 0x74, 0x22, 0x3a, 0x20, 0x35, 0x2c, 0x0d, 0x0a, 
    0x20, 0x20, 0x20, 0x20, 0x20, 0x20, 0x20, 0x20, 0x20, 0x20, 0x20, 0x20, 0x20, 0x20, 0x20, 0x20, 
    0x20, 0x20, 0x20, 0x20, 0x20, 0x20, 0x20, 0x20, 0x20, 0x20, 0x20, 0x20, 0x20, 0x20, 0x20, 0x20, 
    0x20, 0x20, 0x20, 0x20, 0x22, 0x43, 0x6f, 0x72, 0x6e, 0x65, 0x72, 0x20, 0x52, 0x61, 0x64, 0x69, 
    0x69, 0x2e, 0x54, 0x6f, 0x70, 0x20, 0x4c, 0x65, 0x66, 0x74, 0x22, 0x3a, 0x20, 0x35, 0x2c, 0x0d, 
    0x0a, 0x20, 0x20, 0x20, 0x20, 0x20, 0x20, 0x20, 0x20, 0x20, 0x20, 0x20, 0x20, 0x20, 0x20, 0x20, 
    0x20, 0x20, 0x20, 0x20, 0x20, 0x20, 0x20, 0x20, 0x20, 0x20, 0x20, 0x20, 0x20, 0x20, 0x20, 0x20, 
    0x20, 0x20, 0x20, 0x20, 0x20, 0x22, 0x43, 0x6f, 0x72, 0x6e, 0x65, 0x72, 0x20, 0x52, 0x61, 0x64, 
    0x69, 0x69, 0x2e, 0x54, 0x6f, 0x70, 0x20, 0x52, 0x69, 0x67, 0x68, 0x74, 0x22, 0x3a, 0x20, 0x35, 
    0x2c, 0x0d, 0x0a, 0x20, 0x20, 0x20, 0x20, 0x20, 0x20, 0x20, 0x20, 0x20, 0x20, 0x20, 0x20, 0x20, 
    0x20, 0x20, 0x20, 0x20, 0x20, 0x20, 0x20, 0x20, 0x20, 0x20, 0x20, 0x20, 0x20, 0x20, 0x20, 0x20, 
    0x20, 0x20, 0x20, 0x20, 0x20, 0x20, 0x20, 0x22, 0x46, 0x69, 0x6c, 0x6c, 0x22, 0x3a, 0x20, 0x22, 
    0x4c, 0x3a, 0x54, 0x68, 0x65, 0x6d, 0x65, 0x2f, 0x54, 0x65, 0x72, 0x74, 0x69, 0x61, 0x72, 0x79, 
    0x22, 0x0d, 0x0a, 0x20, 0x20, 0x20, 0x20, 0x20, 0x20, 0x20, 0x20, 0x20, 0x20, 0x20, 0x20, 0x20, 
    0x20, 0x20, 0x20, 0x20, 0x20, 0x20, 0x20, 0x20, 0x20, 0x20, 0x20, 0x20, 0x20, 0x20, 0x20, 0x20, 
    0x20, 0x20, 0x20, 0x7d, 0x2c, 0x0d, 0x0a, 0x20, 0x20, 0x20, 0x20, 0x20, 0x20, 0x20, 0x20, 0x20, 
    0x20, 0x20, 0x20, 0x20, 0x20, 0x20, 0x20, 0x20, 0x20, 0x20, 0x20, 0x20, 0x20, 0x20, 0x20, 0x20, 
    0x20, 0x20, 0x20, 0x20, 0x20, 0x20, 0x20, 0x22, 0x63, 0x68, 0x69, 0x6c, 0x64, 0x72, 0x65, 0x6e, 
    0x22, 0x3a, 0x20, 0x7b, 0x0d, 0x0a, 0x20, 0x20, 0x20, 0x20, 0x20, 0x20, 0x20, 0x20, 0x20, 0x20, 
    0x20, 0x20, 0x20, 0x20, 0x20, 0x20, 0x20, 0x20, 0x20, 0x20, 0x20, 0x20, 0x20, 0x20, 0x20, 0x20, 
    0x20, 0x20, 0x20, 0x20, 0x20, 0x20, 0x20, 0x20, 0x20, 0x20, 0x22, 0x4e, 0x61, 0x6d, 0x65, 0x20, 
    0x4c, 0x61, 0x62, 0x65, 0x6c, 0x22, 0x3a, 0x20, 0x22, 0x51, 0x4c, 0x61, 0x79, 0x65, 0x72, 0x73, 
    0x2f, 0x71, 0x6c, 0x6c, 0x61, 0x62, 0x65, 0x6c, 0x2e, 0x6a, 0x73, 0x6f, 0x6e, 0x3a, 0x3a, 0x4c, 
    0x61, 0x62, 0x65, 0x6c, 0x22, 0x2c, 0x0d, 0x0a, 0x20, 0x20, 0x20, 0x20, 0x20, 0x20, 0x20, 0x20, 
    0x20, 0x20, 0x20, 0x20, 0x20, 0x20, 0x20, 0x20, 0x20, 0x20, 0x20, 0x20, 0x20, 0x20, 0x20, 0x20, 
    0x20, 0x20, 0x20, 0x20, 0x20, 0x20, 0x20, 0x20, 0x20, 0x20, 0x20, 0x20, 0x22, 0x50, 0x75, 0x62, 
    0x6c, 0x69, 0x73, 0x68, 0x65, 0x72, 0x20, 0x4c, 0x61, 0x62, 0x65, 0x6c, 0x22, 0x3a, 0x20, 0x22, 
    0x51, 0x4c, 0x61, 0x79, 0x65, 0x72, 0x73, 0x2f, 0x71, 0x6c, 0x6c, 0x61, 0x62, 0x65, 0x6c, 0x2e, 
    0x6a, 0x73, 0x6f, 0x6e, 0x3a, 0x3a, 0x4c, 0x61, 0x62, 0x65, 0x6c, 0x22, 0x0d, 0x0a, 0x20, 0x20, 
    0x20, 0x20, 0x20, 0x20, 0x20, 0x20, 0x20, 0x20, 0x20, 0x20, 0x20, 0x20, 0x20, 0x20, 0x20, 0x20, 
    0x20, 0x20, 0x20, 0x20, 0x20, 0x20, 0x20, 0x20, 0x20, 0x20, 0x20, 0x20, 0x20, 0x20, 0x7d, 0x0d, 
    0x0a, 0x20, 0x20, 0x20, 0x20, 0x20, 0x20, 0x20, 0x20, 0x20, 0x20, 0x20, 0x20, 0x20, 0x20, 0x20, 
    0x20, 0x20, 0x20, 0x20, 0x20, 0x20, 0x20, 0x20, 0x20, 0x20, 0x20, 0x20, 0x20, 0x7d, 0x2c, 0x0d, 
    0x0a, 0x20, 0x20, 0x20, 0x20, 0x20, 0x20, 0x20, 0x20, 0x20, 0x20, 0x20, 0x20, 0x20, 0x20, 0x20, 
    0x20, 0x20, 0x20, 0x20, 0x20, 0x20, 0x20, 0x20, 0x20, 0x20, 0x20, 0x20, 0x20, 0x22, 0x53, 0x65, 
    0x74, 0x20, 0x53, 0x63, 0x72, 0x6f, 0x6c, 0x6c, 0x65, 0x72, 0x22, 0x3a, 0x20, 0x7b, 0x0d, 0x0a, 
    0x20, 0x20, 0x20, 0x20, 0x20, 0x20, 0x20, 0x20, 0x20, 0x20, 0x20, 0x20, 0x20, 0x20, 0x20, 0x20, 
    0x20, 0x20, 0x20, 0x20, 0x20, 0x20, 0x20, 0x20, 0x20, 0x20, 0x20, 0x20, 0x20, 0x20, 0x20, 0x20, 
    0x22, 0x63, 0x68, 0x69, 0x6c, 0x64, 0x72, 0x65, 0x6e, 0x22, 0x3a, 0x20, 0x7b, 0x0d, 0x0a, 0x20, 
    0x20, 0x20, 0x20, 0x20, 0x20, 0x20, 0x20, 0x20, 0x20, 0x20, 0x20, 0x20, 0x20, 0x20, 0x20, 0x20, 
    0x20, 0x20, 0x20, 0x20, 0x20, 0x20, 0x20, 0x20, 0x20, 0x20, 0x20, 0x20, 0x20, 0x20, 0x20, 0x20, 
    0x20, 0x20, 0x20, 0x22, 0x56, 0x65, 0x72, 0x74, 0x69, 0x63, 0x61, 0x6c, 0x20, 0x53, 0x63, 0x72, 
    0x6f, 0x6c, 0x6c, 0x42, 0x61, 0x72, 0x22, 0x3a, 0x20, 0x22, 0x51, 0x4c, 0x61, 0x79, 0x65, 0x72, 
    0x73, 0x2f, 0x71, 0x6c, 0x73, 0x63, 0x72, 0x6f, 0x6c, 0x6c, 0x62, 0x61, 0x72, 0x2e, 0x6a, 0x73, 
    0x6f, 0x6e, 0x3a, 0x3a, 0x53, 0x63, 0x72, 0x6f, 0x6c, 0x6c, 0x20, 0x42, 0x61, 0x72, 0x22, 0x0d, 
    0x0a, 0x20, 0x20, 0x20, 0x20, 0x20, 0x20, 0x20, 0x20, 0x20, 0x20, 0x20, 0x20, 0x20, 0x20, 0x20, 
    0x20, 0x20, 0x20, 0x20, 0x20, 0x20, 0x20, 0x20, 0x20, 0x20, 0x20, 0x20, 0x20, 0x20, 0x20, 0x20, 
    0x20, 0x7d, 0x0d, 0x0a, 0x20, 0x20, 0x20, 0x20, 0x20, 0x20, 0x20, 0x20, 0x20, 0x20, 0x20, 0x20, 
    0x20, 0x20, 0x20, 0x20, 0x20, 0x20, 0x20, 0x20, 0x20, 0x20, 0x20, 0x20, 0x20, 0x20, 0x20, 0x20, 
    0x7d, 0x0d, 0x0a, 0x20, 0x20, 0x20, 0x20, 0x20, 0x20, 0x20, 0x20, 0x20, 0x20, 0x20, 0x20, 0x20, 
    0x20, 0x20, 0x20, 0x20, 0x20, 0x20, 0x20, 0x20, 0x20, 0x20, 0x20, 0x7d, 0x0d, 0x0a, 0x20, 0x20, 
    0x20, 0x20, 0x20, 0x20, 0x20, 0x20, 0x20, 0x20, 0x20, 0x20, 0x20, 0x20, 0x20, 0x20, 0x20, 0x20, 
    0x20, 0x20, 0x7d, 0x2c, 0x0d, 0x0a, 0x20, 0x20, 0x20, 0x20, 0x20, 0x20, 0x20, 0x20, 0x20, 0x20, 
    0x20, 0x20, 0x20, 0x20, 0x20, 0x20, 0x20, 0x20, 0x20, 0x20, 0x22, 0x56, 0x65, 0x72, 0x73, 0x69, 
    0x6f, 0x6e, 0x20, 0x42, 0x75, 0x74, 0x74, 0x6f, 0x6e, 0x22, 0x3a, 0x20, 0x7b, 0x0d, 0x0a, 0x20, 
    0x20, 0x20, 0x20, 0x20, 0x20, 0x20, 0x20, 0x20, 0x20, 0x20, 0x20, 0x20, 0x20, 0x20, 0x20, 0x20, 
    0x20, 0x20, 0x20, 0x20, 0x20, 0x20, 0x20, 0x22, 0x5f, 0x69, 0x6e, 0x63, 0x6c, 0x75, 0x64, 0x65, 
    0x22, 0x3a, 0x20, 0x22, 0x51, 0x4c, 0x61, 0x79, 0x65, 0x72, 0x73, 0x2f, 0x71, 0x6c, 0x77, 0x69, 
    0x64, 0x67, 0x65, 0x74, 0x2e, 0x6a, 0x73, 0x6f, 0x6e, 0x3a, 0x3a, 0x57, 0x69, 0x64, 0x67, 0x65, 
    0x74, 0x22, 0x2c, 0x0d, 0x0a, 0x20, 0x20, 0x20, 0x20, 0x20, 0x20, 0x20, 0x20, 0x20, 0x20, 0x20, 
    0x20, 0x20, 0x20, 0x20, 0x20, 0x20, 0x20, 0x20, 0x20, 0x20, 0x20, 0x20, 0x20, 0x22, 0x61, 0x74, 
    0x74, 0x72, 0x69, 0x62, 0x75, 0x74, 0x65, 0x73, 0x22, 0x3a, 0x20, 0x7b, 0x0d, 0x0a, 0x20, 0x20, 
    0x20, 0x20, 0x20, 0x20, 0x20, 0x20, 0x20, 0x20, 0x20, 0x20, 0x20, 0x20, 0x20, 0x20, 0x20, 0x20, 
    0x20, 0x20, 0x20, 0x20, 0x20, 0x20, 0x20, 0x20, 0x20, 0x20, 0x22, 0x43, 0x6f, 0x72, 0x6e, 0x65, 
    0x72, 0x20, 0x52, 0x61, 0x64, 0x69, 0x69, 0x2e, 0x42, 0x6f, 0x74, 0x74, 0x6f, 0x6d, 0x20, 0x4c, 
    0x65, 0x66, 0x74, 0x22, 0x3a, 0x20, 0x35, 0x2c, 0x0d, 0x0a, 0x20, 0x20, 0x20, 0x20, 0x20, 0x20, 
    0x20, 0x20, 0x20, 0x20, 0x20, 0x20, 0x20, 0x20, 0x20, 0x20, 0x20, 0x20, 0x20, 0x20, 0x20, 0x20, 
    0x20, 0x20, 0x20, 0x20, 0x20, 0x20, 0x22, 0x43, 0x6f, 0x72, 0x6e, 0x65, 0x72, 0x20, 0x52, 0x61, 
    0x64, 0x69, 0x69, 0x2e, 0x42, 0x6f, 0x74, 0x74, 0x6f, 0x6d, 0x20, 0x52, 0x69, 0x67, 0x68, 0x74, 
    0x22, 0x3a, 0x20, 0x35, 0x2c, 0x0d, 0x0a, 0x20, 0x20, 0x20, 0x20, 0x20, 0x20, 0x20, 0x20, 0x20, 
    0x20, 0x20, 0x20, 0x20, 0x20, 0x20, 0x20, 0x20, 0x20, 0x20, 0x20, 0x20, 0x20, 0x20, 0x20, 0x20, 
    0x20, 0x20, 0x20, 0x22, 0x43, 0x6f, 0x72, 0x6e, 0x65, 0x72, 0x20, 0x52, 0x61, 0x64, 0x69, 0x69, 
    0x2e, 0x54, 0x6f, 0x70, 0x20, 0x4c, 0x65, 0x66, 0x74, 0x22, 0x3a, 0x20, 0x35, 0x2c, 0x0d, 0x0a, 
    0x20, 0x20, 0x20, 0x20, 0x20, 0x20, 0x20, 0x20, 0x20, 0x20, 0x20, 0x20, 0x20, 0x20, 0x20, 0x20, 
    0x20, 0x20, 0x20, 0x20, 0x20, 0x20, 0x20, 0x20, 0x20, 0x20, 0x20, 0x20, 0x22, 0x43, 0x6f, 0x72, 
    0x6e, 0x65, 0x72, 0x20, 0x52, 0x61, 0x64, 0x69, 0x69, 0x2e, 0x54, 0x6f, 0x70, 0x20, 0x52, 0x69, 
    0x67, 0x68, 0x74, 0x22, 0x3a, 0x20, 0x35, 0x2c, 0x0d, 0x0a, 0x20, 0x20, 0x20, 0x20, 0x20, 0x20, 
    0x20, 0x20, 0x20, 0x20, 0x20, 0x20, 0x20, 0x20, 0x20, 0x20, 0x20, 0x20, 0x20, 0x20, 0x20, 0x20, 
    0x20, 0x20, 0x20, 0x20, 0x20, 0x20, 0x22, 0x46, 0x69, 0x6c, 0x6c, 0x22, 0x3a, 0x20, 0x22, 0x4c, 
    0x3a, 0x54, 0x68, 0x65, 0x6d, 0x65, 0x2f, 0x54, 0x65, 0x72, 0x74, 0x69, 0x61, 0x72, 0x79, 0x22, 
    0x0d, 0x0a, 0x20, 0x20, 0x20, 0x20, 0x20, 0x20, 0x20, 0x20, 0x20, 0x20, 0x20, 0x20, 0x20, 0x20, 
    0x20, 0x20, 0x20, 0x20, 0x20, 0x20, 0x20, 0x20, 0x20, 0x20, 0x7d, 0x2c, 0x0d, 0x0a, 0x20, 0x20, 
    0x20, 0x20, 0x20, 0x20, 0x20, 0x20, 0x20, 0x20, 0x20, 0x20, 0x20, 0x20, 0x20, 0x20, 0x20, 0x20, 
    0x20, 0x20, 0x20, 0x20, 0x20, 0x20, 0x22, 0x63, 0x68, 0x69, 0x6c, 0x64, 0x72, 0x65, 0x6e, 0x22, 
    0x3a, 0x20, 0x7b, 0x0d, 0x0a, 0x20, 0x20, 0x20, 0x20, 0x20, 0x20, 0x20, 0x20, 0x20, 0x20, 0x20, 
    0x20, 0x20, 0x20, 0x20, 0x20, 0x20, 0x20, 0x20, 0x20, 0x20, 0x20, 0x20, 0x20, 0x20, 0x20, 0x20, 
    0x20, 0x22, 0x54, 0x65, 0x78, 0x74, 0x20, 0x4c, 0x61, 0x62, 0x65, 0x6c, 0x22, 0x3a, 0x20, 0x22, 
    0x51, 0x4c, 0x61, 0x79, 0x65, 0x72, 0x73, 0x2f, 0x71, 0x6c, 0x6c, 0x61, 0x62, 0x65, 0x6c, 0x2e, 
    0x6a, 0x73, 0x6f, 0x6e, 0x3a, 0x3a, 0x4c, 0x61, 0x62, 0x65, 0x6c, 0x22, 0x0d, 0x0a, 0x20, 0x20, 
    0x20, 0x20, 0x20, 0x20, 0x20, 0x20, 0x20, 0x20, 0x20, 0x20, 0x20, 0x20, 0x20, 0x20, 0x20, 0x20, 
    0x20, 0x20, 0x20, 0x20, 0x20, 0x20, 0x7d, 0x0d, 0x0a, 0x20, 0x20, 0x20, 0x20, 0x20, 0x20, 0x20, 
    0x20, 0x20, 0x20, 0x20, 0x20, 0x20, 0x20, 0x20, 0x20, 0x20, 0x20, 0x20, 0x20, 0x7d, 0x0d, 0x0a, 
    0x20, 0x20, 0x20, 0x20, 0x20, 0x20, 0x20, 0x20, 0x20, 0x20, 0x20, 0x20, 0x20, 0x20, 0x20, 0x20, 
    0x7d, 0x0d, 0x0a, 0x20, 0x20, 0x20, 0x20, 0x20, 0x20, 0x20, 0x20, 0x20, 0x20, 0x20, 0x20, 0x7d, 
    0x2c, 0x0d, 0x0a, 0x20, 0x20, 0x20, 0x20, 0x20, 0x20, 0x20, 0x20, 0x20, 0x20, 0x20, 0x20, 0x22, 
    0x53, 0x69, 0x64, 0x65, 0x62, 0x61, 0x72, 0x22, 0x3a, 0x20, 0x7b, 0x0d, 0x0a, 0x20, 0x20, 0x20, 
    0x20, 0x20, 0x20, 0x20, 0x20, 0x20, 0x20, 0x20, 0x20, 0x20, 0x20, 0x20, 0x20, 0x22, 0x5f, 0x69, 
    0x6e, 0x63, 0x6c, 0x75, 0x64, 0x65, 0x22, 0x3a, 0x20, 0x22, 0x51, 0x4c, 0x61, 0x79, 0x65, 0x72, 
    0x73, 0x2f, 0x71, 0x6c, 0x77, 0x69, 0x64, 0x67, 0x65, 0x74, 0x2e, 0x6a, 0x73, 0x6f, 0x6e, 0x3a, 
    0x3a, 0x57, 0x69, 0x64, 0x67, 0x65, 0x74, 0x22, 0x2c, 0x0d, 0x0a, 0x20, 0x20, 0x20, 0x20, 0x20, 
    0x20, 0x20, 0x20, 0x20, 0x20, 0x20, 0x20, 0x20, 0x20, 0x20, 0x20, 0x22, 0x61, 0x74, 0x74, 0x72, 
    0x69, 0x62, 0x75, 0x74, 0x65, 0x73, 0x22, 0x3a, 0x20, 0x7b, 0x0d, 0x0a, 0x20, 0x20, 0x20, 0x20, 
    0x20, 0x20, 0x20, 0x20, 0x20, 0x20, 0x20, 0x20, 0x20, 0x20, 0x20, 0x20, 0x20, 0x20, 0x20, 0x20, 
    0x22, 0x46, 0x69, 0x6c, 0x6c, 0x22, 0x3a, 0x20, 0x22, 0x4c, 0x3a, 0x54, 0x68, 0x65, 0x6d, 0x65, 
    0x2f, 0x53, 0x65, 0x63, 0x6f, 0x6e, 0x64, 0x61, 0x72, 0x79, 0x22, 0x0d, 0x0a, 0x20, 0x20, 0x20, 
    0x20, 0x20, 0x20, 0x20, 0x20, 0x20, 0x20, 0x20, 0x20, 0x20, 0x20, 0x20, 0x20, 0x7d, 0x0d, 0x0a, 
    0x20, 0x20, 0x20, 0x20, 0x20, 0x20, 0x20, 0x20, 0x20, 0x20, 0x20, 0x20, 0x7d, 0x2c, 0x0d, 0x0a, 
    0x20, 0x20, 0x20, 0x20, 0x20, 0x20, 0x20, 0x20, 0x20, 0x20, 0x20, 0x20, 0x22, 0x54, 0x61, 0x62, 
    0x20, 0x42, 0x61, 0x72, 0x22, 0x3a, 0x20, 0x22, 0x56, 0x6f, 0x72, 0x74, 0x65, 0x78, 0x2f, 0x76, 
    0x74, 0x61, 0x62, 0x62, 0x61, 0x72, 0x2e, 0x6a, 0x73, 0x6f, 0x6e, 0x3a, 0x3a, 0x54, 0x61, 0x62, 
    0x20, 0x42, 0x61, 0x72, 0x22, 0x0d, 0x0a, 0x20, 0x20, 0x20, 0x20, 0x20, 0x20, 0x20, 0x20, 0x7d, 
    0x0d, 0x0a, 0x20, 0x20, 0x20, 0x20, 0x7d, 0x0d, 0x0a, 0x7d
};
static const size_t res__definitions_nebula_definitioneditor_json_size = sizeof(res__definitions_nebula_definitioneditor_json);

static const unsigned char res__definitions_nebula_homebutton_json[] = {
    0x7b, 0x0d, 0x0a, 0x20, 0x20, 0x20, 0x20, 0x22, 0x48, 0x6f, 0x6d, 0x65, 0x20, 0x42, 0x75, 0x74, 
    0x74, 0x6f, 0x6e, 0x22, 0x3a, 0x20, 0x7b, 0x0d, 0x0a, 0x20, 0x20, 0x20, 0x20, 0x20, 0x20, 0x20, 
    0x20, 0x22, 0x5f, 0x69, 0x6e, 0x63, 0x6c, 0x75, 0x64, 0x65, 0x22, 0x3a, 0x20, 0x22, 0x51, 0x4c, 
    0x61, 0x79, 0x65, 0x72, 0x73, 0x2f, 0x71, 0x6c, 0x77, 0x69, 0x64, 0x67, 0x65, 0x74, 0x2e, 0x6a, 
    0x73, 0x6f, 0x6e, 0x3a, 0x3a, 0x57, 0x69, 0x64, 0x67, 0x65, 0x74, 0x22, 0x2c, 0x0d, 0x0a, 0x20, 
    0x20, 0x20, 0x20, 0x20, 0x20, 0x20, 0x20, 0x22, 0x61, 0x74, 0x74, 0x72, 0x69, 0x62, 0x75, 0x74, 
    0x65, 0x73, 0x22, 0x3a, 0x20, 0x7b, 0x0d, 0x0a, 0x20, 0x20, 0x20, 0x20, 0x20, 0x20, 0x20, 0x20, 
    0x20, 0x20, 0x20, 0x20, 0x22, 0x43, 0x6f, 0x72, 0x6e, 0x65, 0x72, 0x20, 0x52, 0x61, 0x64, 0x69, 
    0x69, 0x2e, 0x42, 0x6f, 0x74, 0x74, 0x6f, 0x6d, 0x20, 0x4c, 0x65, 0x66, 0x74, 0x22, 0x3a, 0x20, 
    0x33, 0x2c, 0x0d, 0x0a, 0x20, 0x20, 0x20, 0x20, 0x20, 0x20, 0x20, 0x20, 0x20, 0x20, 0x20, 0x20, 
    0x22, 0x43, 0x6f, 0x72, 0x6e, 0x65, 0x72, 0x20, 0x52, 0x61, 0x64, 0x69, 0x69, 0x2e, 0x42, 0x6f, 
    0x74, 0x74, 0x6f, 0x6d, 0x20, 0x52, 0x69, 0x67, 0x68, 0x74, 0x22, 0x3a, 0x20, 0x33, 0x2c, 0x0d, 
    0x0a, 0x20, 0x20, 0x20, 0x20, 0x20, 0x20, 0x20, 0x20, 0x20, 0x20, 0x20, 0x20, 0x22, 0x43, 0x6f, 
    0x72, 0x6e, 0x65, 0x72, 0x20, 0x52, 0x61, 0x64, 0x69, 0x69, 0x2e, 0x54, 0x6f, 0x70, 0x20, 0x4c, 
    0x65, 0x66, 0x74, 0x22, 0x3a, 0x20, 0x33, 0x2c, 0x0d, 0x0a, 0x20, 0x20, 0x20, 0x20, 0x20, 0x20, 
    0x20, 0x20, 0x20, 0x20, 0x20, 0x20, 0x22, 0x43, 0x6f, 0x72, 0x6e, 0x65, 0x72, 0x20, 0x52, 0x61, 
    0x64, 0x69, 0x69, 0x2e, 0x54, 0x6f, 0x70, 0x20, 0x52, 0x69, 0x67, 0x68, 0x74, 0x22, 0x3a, 0x20, 
    0x33, 0x2c, 0x0d, 0x0a, 0x20, 0x20, 0x20, 0x20, 0x20, 0x20, 0x20, 0x20, 0x20, 0x20, 0x20, 0x20, 
    0x22, 0x46, 0x69, 0x6c, 0x6c, 0x22, 0x3a, 0x20, 0x22, 0x4c, 0x3a, 0x54, 0x68, 0x65, 0x6d, 0x65, 
    0x2f, 0x54, 0x65, 0x72, 0x74, 0x69, 0x61, 0x72, 0x79, 0x22, 0x0d, 0x0a, 0x20, 0x20, 0x20, 0x20, 
    0x20, 0x20, 0x20, 0x20, 0x7d, 0x2c, 0x0d, 0x0a, 0x20, 0x20, 0x20, 0x20, 0x20, 0x20, 0x20, 0x20, 
    0x22, 0x63, 0x68, 0x69, 0x6c, 0x64, 0x72, 0x65, 0x6e, 0x22, 0x3a, 0x20, 0x7b, 0x0d, 0x0a, 0x20, 
    0x20, 0x20, 0x20, 0x20, 0x20, 0x20, 0x20, 0x20, 0x20, 0x20, 0x20, 0x22, 0x44, 0x65, 0x73, 0x63, 
    0x72, 0x69, 0x70, 0x74, 0x69, 0x6f, 0x6e, 0x20, 0x4c, 0x61, 0x62, 0x65, 0x6c, 0x22, 0x3a, 0x20, 
    0x22, 0x51, 0x4c, 0x61, 0x79, 0x65, 0x72, 0x73, 0x2f, 0x71, 0x6c, 0x6c, 0x61, 0x62, 0x65, 0x6c, 
    0x2e, 0x6a, 0x73, 0x6f, 0x6e, 0x3a, 0x3a, 0x4c, 0x61, 0x62, 0x65, 0x6c, 0x22, 0x2c, 0x0d, 0x0a, 
    0x20, 0x20, 0x20, 0x20, 0x20, 0x20, 0x20, 0x20, 0x20, 0x20, 0x20, 0x20, 0x22, 0x47, 0x72, 0x61, 
    0x70, 0x68, 0x69, 0x63, 0x22, 0x3a, 0x20, 0x7b, 0x0d, 0x0a, 0x20, 0x20, 0x20, 0x20, 0x20, 0x20, 
    0x20, 0x20, 0x20, 0x20, 0x20, 0x20, 0x20, 0x20, 0x20, 0x20, 0x22, 0x63, 0x68, 0x69, 0x6c, 0x64, 
    0x72, 0x65, 0x6e, 0x22, 0x3a, 0x20, 0x7b, 0x0d, 0x0a, 0x20, 0x20, 0x20, 0x20, 0x20, 0x20, 0x20, 
    0x20, 0x20, 0x20, 0x20, 0x20, 0x20, 0x20, 0x20, 0x20, 0x20, 0x20, 0x20, 0x20, 0x22, 0x53, 0x76, 
    0x67, 0x22, 0x3a, 0x20, 0x7b, 0x0d, 0x0a, 0x20, 0x20, 0x20, 0x20, 0x20, 0x20, 0x20, 0x20, 0x20, 
    0x20, 0x20, 0x20, 0x20, 0x20, 0x20, 0x20, 0x20, 0x20, 0x20, 0x20, 0x20, 0x20, 0x20, 0x20, 0x22, 
    0x61, 0x74, 0x74, 0x72, 0x69, 0x62, 0x75, 0x74, 0x65, 0x73, 0x22, 0x3a, 0x20, 0x7b, 0x0d, 0x0a, 
    0x20, 0x20, 0x20, 0x20, 0x20, 0x20, 0x20, 0x20, 0x20, 0x20, 0x20, 0x20, 0x20, 0x20, 0x20, 0x20, 
    0x20, 0x20, 0x20, 0x20, 0x20, 0x20, 0x20, 0x20, 0x20, 0x20, 0x20, 0x20, 0x22, 0x43, 0x6f, 0x6c, 
    0x6f, 0x72, 0x22, 0x3a, 0x20, 0x22, 0x4c, 0x3a, 0x54, 0x68, 0x65, 0x6d, 0x65, 0x2f, 0x46, 0x6f, 
    0x72, 0x65, 0x67, 0x72, 0x6f, 0x75, 0x6e, 0x64, 0x22, 0x0d, 0x0a, 0x20, 0x20, 0x20, 0x20, 0x20, 
    0x20, 0x20, 0x20, 0x20, 0x20, 0x20, 0x20, 0x20, 0x20, 0x20, 0x20, 0x20, 0x20, 0x20, 0x20, 0x20, 
    0x20, 0x20, 0x20, 0x7d, 0x0d, 0x0a, 0x20, 0x20, 0x20, 0x20, 0x20, 0x20, 0x20, 0x20, 0x20, 0x20, 
    0x20, 0x20, 0x20, 0x20, 0x20, 0x20, 0x20, 0x20, 0x20, 0x20, 0x7d, 0x0d, 0x0a, 0x20, 0x20, 0x20, 
    0x20, 0x20, 0x20, 0x20, 0x20, 0x20, 0x20, 0x20, 0x20, 0x20, 0x20, 0x20, 0x20, 0x7d, 0x0d, 0x0a, 
    0x20, 0x20, 0x20, 0x20, 0x20, 0x20, 0x20, 0x20, 0x20, 0x20, 0x20, 0x20, 0x7d, 0x2c, 0x0d, 0x0a, 
    0x20, 0x20, 0x20, 0x20, 0x20, 0x20, 0x20, 0x20, 0x20, 0x20, 0x20, 0x20, 0x22, 0x54, 0x69, 0x74, 
    0x6c, 0x65, 0x20, 0x4c, 0x61, 0x62, 0x65, 0x6c, 0x22, 0x3a, 0x20, 0x22, 0x51, 0x4c, 0x61, 0x79, 
    0x65, 0x72, 0x73, 0x2f, 0x71, 0x6c, 0x6c, 0x61, 0x62, 0x65, 0x6c, 0x2e, 0x6a, 0x73, 0x6f, 0x6e, 
    0x3a, 0x3a, 0x4c, 0x61, 0x62, 0x65, 0x6c, 0x22, 0x0d, 0x0a, 0x20, 0x20, 0x20, 0x20, 0x20, 0x20, 
    0x20, 0x20, 0x7d, 0x0d, 0x0a, 0x20, 0x20, 0x20, 0x20, 0x7d, 0x0d, 0x0a, 0x7d
};
static const size_t res__definitions_nebula_homebutton_json_size = sizeof(res__definitions_nebula_homebutton_json);

static const unsigned char res__definitions_nebula_nebula_json[] = {
    0x7b, 0x0d, 0x0a, 0x20, 0x20, 0x20, 0x20, 0x22, 0x4d, 0x61, 0x69, 0x6e, 0x20, 0x57, 0x69, 0x6e, 
    0x64, 0x6f, 0x77, 0x2f, 0x4e, 0x65, 0x62, 0x75, 0x6c, 0x61, 0x22, 0x3a, 0x20, 0x7b, 0x0d, 0x0a, 
    0x20, 0x20, 0x20, 0x20, 0x20, 0x20, 0x20, 0x20, 0x22, 0x5f, 0x69, 0x6e, 0x63, 0x6c, 0x75, 0x64, 
    0x65, 0x22, 0x3a, 0x20, 0x22, 0x51, 0x4c, 0x61, 0x79, 0x65, 0x72, 0x73, 0x2f, 0x71, 0x6c, 0x77, 
    0x69, 0x64, 0x67, 0x65, 0x74, 0x2e, 0x6a, 0x73, 0x6f, 0x6e, 0x3a, 0x3a, 0x57, 0x69, 0x64, 0x67, 
    0x65, 0x74, 0x22, 0x2c, 0x0d, 0x0a, 0x20, 0x20, 0x20, 0x20, 0x20, 0x20, 0x20, 0x20, 0x22, 0x63, 
    0x68, 0x69, 0x6c, 0x64, 0x72, 0x65, 0x6e, 0x22, 0x3a, 0x20, 0x7b, 0x0d, 0x0a, 0x20, 0x20, 0x20, 
    0x20, 0x20, 0x20, 0x20, 0x20, 0x20, 0x20, 0x20, 0x20, 0x22, 0x44, 0x65, 0x66, 0x69, 0x6e, 0x69, 
    0x74, 0x69, 0x6f, 0x6e, 0x73, 0x20, 0x42, 0x75, 0x74, 0x74, 0x6f, 0x6e, 0x22, 0x3a, 0x20, 0x22, 
    0x68, 0x6f, 0x6d, 0x65, 0x62, 0x75, 0x74, 0x74, 0x6f, 0x6e, 0x2e, 0x6a, 0x73, 0x6f, 0x6e, 0x3a, 
    0x3a, 0x48, 0x6f, 0x6d, 0x65, 0x20, 0x42, 0x75, 0x74, 0x74, 0x6f, 0x6e, 0x22, 0x2c, 0x0d, 0x0a, 
    0x20, 0x20, 0x20, 0x20, 0x20, 0x20, 0x20, 0x20, 0x20, 0x20, 0x20, 0x20, 0x22, 0x54, 0x68, 0x65, 
    0x6d, 0x65, 0x73, 0x20, 0x42, 0x75, 0x74, 0x74, 0x6f, 0x6e, 0x22, 0x3a, 0x20, 0x22, 0x68, 0x6f, 
    0x6d, 0x65, 0x62, 0x75, 0x74, 0x74, 0x6f, 0x6e, 0x2e, 0x6a, 0x73, 0x6f, 0x6e, 0x3a, 0x3a, 0x48, 
    0x6f, 0x6d, 0x65, 0x20, 0x42, 0x75, 0x74, 0x74, 0x6f, 0x6e, 0x22, 0x2c, 0x0d, 0x0a, 0x20, 0x20, 
    0x20, 0x20, 0x20, 0x20, 0x20, 0x20, 0x20, 0x20, 0x20, 0x20, 0x22, 0x53, 0x74, 0x79, 0x6c, 0x65, 
    0x73, 0x20, 0x42, 0x75, 0x74, 0x74, 0x6f, 0x6e, 0x22, 0x3a, 0x20, 0x22, 0x68, 0x6f, 0x6d, 0x65, 
    0x62, 0x75, 0x74, 0x74, 0x6f, 0x6e, 0x2e, 0x6a, 0x73, 0x6f, 0x6e, 0x3a, 0x3a, 0x48, 0x6f, 0x6d, 
    0x65, 0x20, 0x42, 0x75, 0x74, 0x74, 0x6f, 0x6e, 0x22, 0x0d, 0x0a, 0x20, 0x20, 0x20, 0x20, 0x20, 
    0x20, 0x20, 0x20, 0x7d, 0x0d, 0x0a, 0x20, 0x20, 0x20, 0x20, 0x7d, 0x0d, 0x0a, 0x7d
};
static const size_t res__definitions_nebula_nebula_json_size = sizeof(res__definitions_nebula_nebula_json);

static const unsigned char res__definitions_nebula_newthemedialog_json[] = {
    0x7b, 0x0d, 0x0a, 0x20, 0x20, 0x20, 0x20, 0x22, 0x4e, 0x65, 0x77, 0x20, 0x54, 0x68, 0x65, 0x6d, 
    0x65, 0x20, 0x44, 0x69, 0x61, 0x6c, 0x6f, 0x67, 0x22, 0x3a, 0x20, 0x7b, 0x0d, 0x0a, 0x20, 0x20, 
    0x20, 0x20, 0x20, 0x20, 0x20, 0x20, 0x22, 0x5f, 0x69, 0x6e, 0x63, 0x6c, 0x75, 0x64, 0x65, 0x22, 
    0x3a, 0x20, 0x22, 0x51, 0x4c, 0x61, 0x79, 0x65, 0x72, 0x73, 0x2f, 0x71, 0x6c, 0x64, 0x69, 0x61, 
    0x6c, 0x6f, 0x67, 0x2e, 0x6a, 0x73, 0x6f, 0x6e, 0x3a, 0x3a, 0x44, 0x69, 0x61, 0x6c, 0x6f, 0x67, 
    0x22, 0x2c, 0x0d, 0x0a, 0x20, 0x20, 0x20, 0x20, 0x20, 0x20, 0x20, 0x20, 0x22, 0x63, 0x68, 0x69, 
    0x6c, 0x64, 0x72, 0x65, 0x6e, 0x22, 0x3a, 0x20, 0x7b, 0x0d, 0x0a, 0x20, 0x20, 0x20, 0x20, 0x20, 
    0x20, 0x20, 0x20, 0x20, 0x20, 0x20, 0x20, 0x22, 0x43, 0x72, 0x65, 0x61, 0x74, 0x65, 0x20, 0x42, 
    0x75, 0x74, 0x74, 0x6f, 0x6e, 0x22, 0x3a, 0x20, 0x7b, 0x0d, 0x0a, 0x20, 0x20, 0x20, 0x20, 0x20, 
    0x20, 0x20, 0x20, 0x20, 0x20, 0x20, 0x20, 0x20, 0x20, 0x20, 0x20, 0x22, 0x5f, 0x69, 0x6e, 0x63, 
    0x6c, 0x75, 0x64, 0x65, 0x22, 0x3a, 0x20, 0x22, 0x51, 0x4c, 0x61, 0x79, 0x65, 0x72, 0x73, 0x2f, 
    0x71, 0x6c, 0x77, 0x69, 0x64, 0x67, 0x65, 0x74, 0x2e, 0x6a, 0x73, 0x6f, 0x6e, 0x3a, 0x3a, 0x57, 
    0x69, 0x64, 0x67, 0x65, 0x74, 0x22, 0x2c, 0x0d, 0x0a, 0x20, 0x20, 0x20, 0x20, 0x20, 0x20, 0x20, 
    0x20, 0x20, 0x20, 0x20, 0x20, 0x20, 0x20, 0x20, 0x20, 0x22, 0x61, 0x74, 0x74, 0x72, 0x69, 0x62, 
    0x75, 0x74, 0x65, 0x73, 0x22, 0x3a, 0x20, 0x7b, 0x0d, 0x0a, 0x20, 0x20, 0x20, 0x20, 0x20, 0x20, 
    0x20, 0x20, 0x20, 0x20, 0x20, 0x20, 0x20, 0x20, 0x20, 0x20, 0x20, 0x20, 0x20, 0x20, 0x22, 0x43, 
    0x6f, 0x72, 0x6e, 0x65, 0x72, 0x20, 0x52, 0x61, 0x64, 0x69, 0x69, 0x2e, 0x42, 0x6f, 0x74, 0x74, 
    0x6f, 0x6d, 0x20, 0x4c, 0x65, 0x66, 0x74, 0x22, 0x3a, 0x20, 0x33, 0x2c, 0x0d, 0x0a, 0x20, 0x20, 
    0x20, 0x20, 0x20, 0x20, 0x20, 0x20, 0x20, 0x20, 0x20, 0x20, 0x20, 0x20, 0x20, 0x20, 0x20, 0x20, 
    0x20, 0x20, 0x22, 0x43, 0x6f, 0x72, 0x6e, 0x65, 0x72, 0x20, 0x52, 0x61, 0x64, 0x69, 0x69, 0x2e, 
    0x42, 0x6f, 0x74, 0x74, 0x6f, 0x6d, 0x20, 0x52, 0x69, 0x67, 0x68, 0x74, 0x22, 0x3a, 0x20, 0x33, 
    0x2c, 0x0d, 0x0a, 0x20, 0x20, 0x20, 0x20, 0x20, 0x20, 0x20, 0x20, 0x20, 0x20, 0x20, 0x20, 0x20, 
    0x20, 0x20, 0x20, 0x20, 0x20, 0x20, 0x20, 0x22, 0x43, 0x6f, 0x72, 0x6e, 0x65, 0x72, 0x20, 0x52, 
    0x61, 0x64, 0x69, 0x69, 0x2e, 0x54, 0x6f, 0x70, 0x20, 0x4c, 0x65, 0x66, 0x74, 0x22, 0x3a, 0x20, 
    0x33, 0x2c, 0x0d, 0x0a, 0x20, 0x20, 0x20, 0x20, 0x20, 0x20, 0x20, 0x20, 0x20, 0x20, 0x20, 0x20, 
    0x20, 0x20, 0x20, 0x20, 0x20, 0x20, 0x20, 0x20, 0x22, 0x43, 0x6f, 0x72, 0x6e, 0x65, 0x72, 0x20, 
    0x52, 0x61, 0x64, 0x69, 0x69, 0x2e, 0x54, 0x6f, 0x70, 0x20, 0x52, 0x69, 0x67, 0x68, 0x74, 0x22, 
    0x3a, 0x20, 0x33, 0x2c, 0x0d, 0x0a, 0x20, 0x20, 0x20, 0x20, 0x20, 0x20, 0x20, 0x20, 0x20, 0x20, 
    0x20, 0x20, 0x20, 0x20, 0x20, 0x20, 0x20, 0x20, 0x20, 0x20, 0x22, 0x46, 0x69, 0x6c, 0x6c, 0x22, 
    0x3a, 0x20, 0x22, 0x4c, 0x3a, 0x54, 0x68, 0x65, 0x6d, 0x65, 0x2f, 0x54, 0x65, 0x72, 0x74, 0x69, 
    0x61, 0x72, 0x79, 0x22, 0x0d, 0x0a, 0x20, 0x20, 0x20, 0x20, 0x20, 0x20, 0x20, 0x20, 0x20, 0x20, 
    0x20, 0x20, 0x20, 0x20, 0x20, 0x20, 0x7d, 0x2c, 0x0d, 0x0a, 0x20, 0x20, 0x20, 0x20, 0x20, 0x20, 
    0x20, 0x20, 0x20, 0x20, 0x20, 0x20, 0x20, 0x20, 0x20, 0x20, 0x22, 0x63, 0x68, 0x69, 0x6c, 0x64, 
    0x72, 0x65, 0x6e, 0x22, 0x3a, 0x20, 0x7b, 0x0d, 0x0a, 0x20, 0x20, 0x20, 0x20, 0x20, 0x20, 0x20, 
    0x20, 0x20, 0x20, 0x20, 0x20, 0x20, 0x20, 0x20, 0x20, 0x20, 0x20, 0x20, 0x20, 0x22, 0x47, 0x72, 
    0x61, 0x70, 0x68, 0x69, 0x63, 0x22, 0x3a, 0x20, 0x7b, 0x0d, 0x0a, 0x20, 0x20, 0x20, 0x20, 0x20, 
    0x20, 0x20, 0x20, 0x20, 0x20, 0x20, 0x20, 0x20, 0x20, 0x20, 0x20, 0x20, 0x20, 0x20, 0x20, 0x20, 
    0x20, 0x20, 0x20, 0x22, 0x63, 0x68, 0x69, 0x6c, 0x64, 0x72, 0x65, 0x6e, 0x22, 0x3a, 0x20, 0x7b, 
    0x0d, 0x0a, 0x20, 0x20, 0x20, 0x20, 0x20, 0x20, 0x20, 0x20, 0x20, 0x20, 0x20, 0x20, 0x20, 0x20, 
    0x20, 0x20, 0x20, 0x20, 0x20, 0x20, 0x20, 0x20, 0x20, 0x20, 0x20, 0x20, 0x20, 0x20, 0x22, 0x53, 
    0x76, 0x67, 0x22, 0x3a, 0x20, 0x7b, 0x0d, 0x0a, 0x20, 0x20, 0x20, 0x20, 0x20, 0x20, 0x20, 0x20, 
    0x20, 0x20, 0x20, 0x20, 0x20, 0x20, 0x20, 0x20, 0x20, 0x20, 0x20, 0x20, 0x20, 0x20, 0x20, 0x20, 
    0x20, 0x20, 0x20, 0x20, 0x20, 0x20, 0x20, 0x20, 0x22, 0x61, 0x74, 0x74, 0x72, 0x69, 0x62, 0x75, 
    0x74, 0x65, 0x73, 0x22, 0x3a, 0x20, 0x7b, 0x0d, 0x0a, 0x20, 0x20, 0x20, 0x20, 0x20, 0x20, 0x20, 
    0x20, 0x20, 0x20, 0x20, 0x20, 0x20, 0x20, 0x20, 0x20, 0x20, 0x20, 0x20, 0x20, 0x20, 0x20, 0x20, 
    0x20, 0x20, 0x20, 0x20, 0x20, 0x20, 0x20, 0x20, 0x20, 0x20, 0x20, 0x20, 0x20, 0x22, 0x43, 0x6f, 
    0x6c, 0x6f, 0x72, 0x22, 0x3a, 0x20, 0x22, 0x4c, 0x3a, 0x54, 0x68, 0x65, 0x6d, 0x65, 0x2f, 0x46, 
    0x6f, 0x72, 0x65, 0x67, 0x72, 0x6f, 0x75, 0x6e, 0x64, 0x22, 0x0d, 0x0a, 0x20, 0x20, 0x20, 0x20, 
    0x20, 0x20, 0x20, 0x20, 0x20, 0x20, 0x20, 0x20, 0x20, 0x20, 0x20, 0x20, 0x20, 0x20, 0x20, 0x20, 
    0x20, 0x20, 0x20, 0x20, 0x20, 0x20, 0x20, 0x20, 0x20, 0x20, 0x20, 0x20, 0x7d, 0x0d, 0x0a, 0x20, 
    0x20, 0x20, 0x20, 0x20, 0x20, 0x20, 0x20, 0x20, 0x20, 0x20, 0x20, 0x20, 0x20, 0x20, 0x20, 0x20, 
    0x20, 0x20, 0x20, 0x20, 0x20, 0x20, 0x20, 0x20, 0x20, 0x20, 0x20, 0x7d, 0x0d, 0x0a, 0x20, 0x20, 
    0x20, 0x20, 0x20, 0x20, 0x20, 0x20, 0x20, 0x20, 0x20, 0x20, 0x20, 0x20, 0x20, 0x20, 0x20, 0x20, 
    0x20, 0x20, 0x20, 0x20, 0x20, 0x20, 0x7d, 0x0d, 0x0a, 0x20, 0x20, 0x20, 0x20, 0x20, 0x20, 0x20, 
    0x20, 0x20, 0x20, 0x20, 0x20, 0x20, 0x20, 0x20, 0x20, 0x20, 0x20, 0x20, 0x20, 0x7d, 0x2c, 0x0d, 
    0x0a, 0x20, 0x20, 0x20, 0x20, 0x20, 0x20, 0x20, 0x20, 0x20, 0x20, 0x20, 0x20, 0x20, 0x20, 0x20, 
    0x20, 0x20, 0x20, 0x20, 0x20, 0x22, 0x54, 0x65, 0x78, 0x74, 0x20, 0x4c, 0x61, 0x62, 0x65, 0x6c, 
    0x22, 0x3a, 0x20, 0x22, 0x51, 0x4c, 0x61, 0x79, 0x65, 0x72, 0x73, 0x2f, 0x71, 0x6c, 0x6c, 0x61, 
    0x62, 0x65, 0x6c, 0x2e, 0x6a, 0x73, 0x6f, 0x6e, 0x3a, 0x3a, 0x4c, 0x61, 0x62, 0x65, 0x6c, 0x22, 
    0x0d, 0x0a, 0x20, 0x20, 0x20, 0x20, 0x20, 0x20, 0x20, 0x20, 0x20, 0x20, 0x20, 0x20, 0x20, 0x20, 
    0x20, 0x20, 0x7d, 0x0d, 0x0a, 0x20, 0x20, 0x20, 0x20, 0x20, 0x20, 0x20, 0x20, 0x20, 0x20, 0x20, 
    0x20, 0x7d, 0x2c, 0x0d, 0x0a, 0x20, 0x20, 0x20, 0x20, 0x20, 0x20, 0x20, 0x20, 0x20, 0x20, 0x20, 
    0x20, 0x22, 0x4e, 0x61, 0x6d, 0x65, 0x20, 0x45, 0x64, 0x69, 0x74, 0x6f, 0x72, 0x22, 0x3a, 0x20, 
    0x7b, 0x0d, 0x0a, 0x20, 0x20, 0x20, 0x20, 0x20, 0x20, 0x20, 0x20, 0x20, 0x20, 0x20, 0x20, 0x20, 
    0x20, 0x20, 0x20, 0x22, 0x5f, 0x69, 0x6e, 0x63, 0x6c, 0x75, 0x64, 0x65, 0x22, 0x3a, 0x20, 0x22, 
    0x51, 0x4c, 0x61, 0x79, 0x65, 0x72, 0x73, 0x2f, 0x71, 0x6c, 0x6c, 0x69, 0x6e, 0x65, 0x65, 0x64, 
    0x69, 0x74, 0x6f, 0x72, 0x2e, 0x6a, 0x73, 0x6f, 0x6e, 0x3a, 0x3a, 0x4c, 0x69, 0x6e, 0x65, 0x20, 
    0x45, 0x64, 0x69, 0x74, 0x6f, 0x72, 0x22, 0x2c, 0x0d, 0x0a, 0x20, 0x20, 0x20, 0x20, 0x20, 0x20, 
    0x20, 0x20, 0x20, 0x20, 0x20, 0x20, 0x20, 0x20, 0x20, 0x20, 0x22, 0x61, 0x74, 0x74, 0x72, 0x69, 
    0x62, 0x75, 0x74, 0x65, 0x73, 0x22, 0x3a, 0x20, 0x7b, 0x0d, 0x0a, 0x20, 0x20, 0x20, 0x20, 0x20, 
    0x20, 0x20, 0x20, 0x20, 0x20, 0x20, 0x20, 0x20, 0x20, 0x20, 0x20, 0x20, 0x20, 0x20, 0x20, 0x22, 
    0x43, 0x6f, 0x72, 0x6e, 0x65, 0x72, 0x20, 0x52, 0x61, 0x64, 0x69, 0x69, 0x2e, 0x42, 0x6f, 0x74, 
    0x74, 0x6f, 0x6d, 0x20, 0x4c, 0x65, 0x66, 0x74, 0x22, 0x3a, 0x20, 0x33, 0x2c, 0x0d, 0x0a, 0x20, 
    0x20, 0x20, 0x20, 0x20, 0x20, 0x20, 0x20, 0x20, 0x20, 0x20, 0x20, 0x20, 0x20, 0x20, 0x20, 0x20, 
    0x20, 0x20, 0x20, 0x22, 0x43, 0x6f, 0x72, 0x6e, 0x65, 0x72, 0x20, 0x52, 0x61, 0x64, 0x69, 0x69, 
    0x2e, 0x42, 0x6f, 0x74, 0x74, 0x6f, 0x6d, 0x20, 0x52, 0x69, 0x67, 0x68, 0x74, 0x22, 0x3a, 0x20, 
    0x33, 0x2c, 0x0d, 0x0a, 0x20, 0x20, 0x20, 0x20, 0x20, 0x20, 0x20, 0x20, 0x20, 0x20, 0x20, 0x20, 
    0x20, 0x20, 0x20, 0x20, 0x20, 0x20, 0x20, 0x20, 0x22, 0x43, 0x6f, 0x72, 0x6e, 0x65, 0x72, 0x20, 
    0x52, 0x61, 0x64, 0x69, 0x69, 0x2e, 0x54, 0x6f, 0x70, 0x20, 0x4c, 0x65, 0x66, 0x74, 0x22, 0x3a, 
    0x20, 0x33, 0x2c, 0x0d, 0x0a, 0x20, 0x20, 0x20, 0x20, 0x20, 0x20, 0x20, 0x20, 0x20, 0x20, 0x20, 
    0x20, 0x20, 0x20, 0x20, 0x20, 0x20, 0x20, 0x20, 0x20, 0x22, 0x43, 0x6f, 0x72, 0x6e, 0x65, 0x72, 
    0x20, 0x52, 0x61, 0x64, 0x69, 0x69, 0x2e, 0x54, 0x6f, 0x70, 0x20, 0x52, 0x69, 0x67, 0x68, 0x74, 
    0x22, 0x3a, 0x20, 0x33, 0x2c, 0x0d, 0x0a, 0x20, 0x20, 0x20, 0x20, 0x20, 0x20, 0x20, 0x20, 0x20, 
    0x20, 0x20, 0x20, 0x20, 0x20, 0x20, 0x20, 0x20, 0x20, 0x20, 0x20, 0x22, 0x46, 0x69, 0x6c, 0x6c, 
    0x22, 0x3a, 0x20, 0x22, 0x4c, 0x3a, 0x54, 0x68, 0x65, 0x6d, 0x65, 0x2f, 0x53, 0x65, 0x63, 0x6f, 
    0x6e, 0x64, 0x61, 0x72, 0x79, 0x22, 0x0d, 0x0a, 0x20, 0x20, 0x20, 0x20, 0x20, 0x20, 0x20, 0x20, 
    0x20, 0x20, 0x20, 0x20, 0x20, 0x20, 0x20, 0x20, 0x7d, 0x2c, 0x0d, 0x0a, 0x20, 0x20, 0x20, 0x20, 
    0x20, 0x20, 0x20, 0x20, 0x20, 0x20, 0x20, 0x20, 0x20, 0x20, 0x20, 0x20, 0x22, 0x63, 0x68, 0x69, 
    0x6c, 0x64, 0x72, 0x65, 0x6e, 0x22, 0x3a, 0x20, 0x7b, 0x0d, 0x0a, 0x20, 0x20, 0x20, 0x20, 0x20, 
    0x20, 0x20, 0x20, 0x20, 0x20, 0x20, 0x20, 0x20, 0x20, 0x20, 0x20, 0x20, 0x20, 0x20, 0x20, 0x22, 
    0x50, 0x72, 0x65, 0x74, 0x65, 0x78, 0x74, 0x20, 0x4c, 0x61, 0x62, 0x65, 0x6c, 0x22, 0x3a, 0x20, 
    0x22, 0x51, 0x4c, 0x61, 0x79, 0x65, 0x72, 0x73, 0x2f, 0x71, 0x6c, 0x6c, 0x61, 0x62, 0x65, 0x6c, 
    0x2e, 0x6a, 0x73, 0x6f, 0x6e, 0x3a, 0x3a, 0x4c, 0x61, 0x62, 0x65, 0x6c, 0x22, 0x0d, 0x0a, 0x20, 
    0x20, 0x20, 0x20, 0x20, 0x20, 0x20, 0x20, 0x20, 0x20, 0x20, 0x20, 0x20, 0x20, 0x20, 0x20, 0x7d, 
    0x0d, 0x0a, 0x20, 0x20, 0x20, 0x20, 0x20, 0x20, 0x20, 0x20, 0x20, 0x20, 0x20, 0x20, 0x7d, 0x2c, 
    0x0d, 0x0a, 0x20, 0x20, 0x20, 0x20, 0x20, 0x20, 0x20, 0x20, 0x20, 0x20, 0x20, 0x20, 0x22, 0x54, 
    0x69, 0x74, 0x6c, 0x65, 0x62, 0x61, 0x72, 0x22, 0x3a, 0x20, 0x7b, 0x0d, 0x0a, 0x20, 0x20, 0x20, 
    0x20, 0x20, 0x20, 0x20, 0x20, 0x20, 0x20, 0x20, 0x20, 0x20, 0x20, 0x20, 0x20, 0x22, 0x63, 0x68, 
    0x69, 0x6c, 0x64, 0x72, 0x65, 0x6e, 0x22, 0x3a, 0x20, 0x7b, 0x0d, 0x0a, 0x20, 0x20, 0x20, 0x20, 
    0x20, 0x20, 0x20, 0x20, 0x20, 0x20, 0x20, 0x20, 0x20, 0x20, 0x20, 0x20, 0x20, 0x20, 0x20, 0x20, 
    0x22, 0x45, 0x78, 0x69, 0x74, 0x20, 0x42, 0x75, 0x74, 0x74, 0x6f, 0x6e, 0x22, 0x3a, 0x20, 0x7b, 
    0x0d, 0x0a, 0x20, 0x20, 0x20, 0x20, 0x20, 0x20, 0x20, 0x20, 0x20, 0x20, 0x20, 0x20, 0x20, 0x20, 
    0x20, 0x20, 0x20, 0x20, 0x20, 0x20, 0x20, 0x20, 0x20, 0x20, 0x22, 0x5f, 0x69, 0x6e, 0x63, 0x6c, 
    0x75, 0x64, 0x65, 0x22, 0x3a, 0x20, 0x22, 0x51, 0x4c, 0x61, 0x79, 0x65, 0x72, 0x73, 0x2f, 0x71, 
    0x6c, 0x77, 0x69, 0x64, 0x67, 0x65, 0x74, 0x2e, 0x6a, 0x73, 0x6f, 0x6e, 0x3a, 0x3a, 0x57, 0x69, 
    0x64, 0x67, 0x65, 0x74, 0x22, 0x2c, 0x0d, 0x0a, 0x20, 0x20, 0x20, 0x20, 0x20, 0x20, 0x20, 0x20, 
    0x20, 0x20, 0x20, 0x20, 0x20, 0x20, 0x20, 0x20, 0x20, 0x20, 0x20, 0x20, 0x20, 0x20, 0x20, 0x20, 
    0x22, 0x61, 0x74, 0x74, 0x72, 0x69, 0x62, 0x75, 0x74, 0x65, 0x73, 0x22, 0x3a, 0x20, 0x7b, 0x0d, 
    0x0a, 0x20, 0x20, 0x20, 0x20, 0x20, 0x20, 0x20, 0x20, 0x20, 0x20, 0x20, 0x20, 0x20, 0x20, 0x20, 
    0x20, 0x20, 0x20, 0x20, 0x20, 0x20, 0x20, 0x20, 0x20, 0x20, 0x20, 0x20, 0x20, 0x22, 0x43, 0x6f, 
    0x72, 0x6e, 0x65, 0x72, 0x20, 0x52, 0x61, 0x64, 0x69, 0x69, 0x2e, 0x54, 0x6f, 0x70, 0x20, 0x52, 
    0x69, 0x67, 0x68, 0x74, 0x22, 0x3a, 0x20, 0x37, 0x2c, 0x0d, 0x0a, 0x20, 0x20, 0x20, 0x20, 0x20, 
    0x20, 0x20, 0x20, 0x20, 0x20, 0x20, 0x20, 0x20, 0x20, 0x20, 0x20, 0x20, 0x20, 0x20, 0x20, 0x20, 
    0x20, 0x20, 0x20, 0x20, 0x20, 0x20, 0x20, 0x22, 0x46, 0x69, 0x6c, 0x6c, 0x22, 0x3a, 0x20, 0x22, 
    0x23, 0x30, 0x30, 0x30, 0x30, 0x30, 0x30, 0x30, 0x30, 0x22, 0x0d, 0x0a, 0x20, 0x20, 0x20, 0x20, 
    0x20, 0x20, 0x20, 0x20, 0x20, 0x20, 0x20, 0x20, 0x20, 0x20, 0x20, 0x20, 0x20, 0x20, 0x20, 0x20, 
    0x20, 0x20, 0x20, 0x20, 0x7d, 0x2c, 0x0d, 0x0a, 0x20, 0x20, 0x20, 0x20, 0x20, 0x20, 0x20, 0x20, 
    0x20, 0x20, 0x20, 0x20, 0x20, 0x20, 0x20, 0x20, 0x20, 0x20, 0x20, 0x20, 0x20, 0x20, 0x20, 0x20, 
    0x22, 0x63, 0x68, 0x69, 0x6c, 0x64, 0x72, 0x65, 0x6e, 0x22, 0x3a, 0x20, 0x7b, 0x0d, 0x0a, 0x20, 
    0x20, 0x20, 0x20, 0x20, 0x20, 0x20, 0x20, 0x20, 0x20, 0x20, 0x20, 0x20, 0x20, 0x20, 0x20, 0x20, 
    0x20, 0x20, 0x20, 0x20, 0x20, 0x20, 0x20, 0x20, 0x20, 0x20, 0x20, 0x22, 0x47, 0x72, 0x61, 0x70, 
    0x68, 0x69, 0x63, 0x22, 0x3a, 0x20, 0x7b, 0x0d, 0x0a, 0x20, 0x20, 0x20, 0x20, 0x20, 0x20, 0x20, 
    0x20, 0x20, 0x20, 0x20, 0x20, 0x20, 0x20, 0x20, 0x20, 0x20, 0x20, 0x20, 0x20, 0x20, 0x20, 0x20, 
    0x20, 0x20, 0x20, 0x20, 0x20, 0x20, 0x20, 0x20, 0x20, 0x22, 0x5f, 0x69, 0x6e, 0x63, 0x6c, 0x75, 
    0x64, 0x65, 0x22, 0x3a, 0x20, 0x22, 0x51, 0x4c, 0x61, 0x79, 0x65, 0x72, 0x73, 0x2f, 0x71, 0x6c, 
    0x77, 0x69, 0x64, 0x67, 0x65, 0x74, 0x2e, 0x6a, 0x73, 0x6f, 0x6e, 0x3a, 0x3a, 0x57, 0x69, 0x64, 
    0x67, 0x65, 0x74, 0x22, 0x2c, 0x0d, 0x0a, 0x20, 0x20, 0x20, 0x20, 0x20, 0x20, 0x20, 0x20, 0x20, 
    0x20, 0x20, 0x20, 0x20, 0x20, 0x20, 0x20, 0x20, 0x20, 0x20, 0x20, 0x20, 0x20, 0x20, 0x20, 0x20, 
    0x20, 0x20, 0x20, 0x20, 0x20, 0x20, 0x20, 0x22, 0x63, 0x68, 0x69, 0x6c, 0x64, 0x72, 0x65, 0x6e, 
    0x22, 0x3a, 0x20, 0x7b, 0x0d, 0x0a, 0x20, 0x20, 0x20, 0x20, 0x20, 0x20, 0x20, 0x20, 0x20, 0x20, 
    0x20, 0x20, 0x20, 0x20, 0x20, 0x20, 0x20, 0x20, 0x20, 0x20, 0x20, 0x20, 0x20, 0x20, 0x20, 0x20, 
    0x20, 0x20, 0x20, 0x20, 0x20, 0x20, 0x20, 0x20, 0x20, 0x20, 0x22, 0x53, 0x76, 0x67, 0x22, 0x3a, 
    0x20, 0x7b, 0x0d, 0x0a, 0x20, 0x20, 0x20, 0x20, 0x20, 0x20, 0x20, 0x20, 0x20, 0x20, 0x20, 0x20, 
    0x20, 0x20, 0x20, 0x20, 0x20, 0x20, 0x20, 0x20, 0x20, 0x20, 0x20, 0x20, 0x20, 0x20, 0x20, 0x20, 
    0x20, 0x20, 0x20, 0x20, 0x20, 0x20, 0x20, 0x20, 0x20, 0x20, 0x20, 0x20, 0x22, 0x61, 0x74, 0x74, 
    0x72, 0x69, 0x62, 0x75, 0x74, 0x65, 0x73, 0x22, 0x3a, 0x20, 0x7b, 0x0d, 0x0a, 0x20, 0x20, 0x20, 
    0x20, 0x20, 0x20, 0x20, 0x20, 0x20, 0x20, 0x20, 0x20, 0x20, 0x20, 0x20, 0x20, 0x20, 0x20, 0x20, 
    0x20, 0x20, 0x20, 0x20, 0x20, 0x20, 0x20, 0x20, 0x20, 0x20, 0x20, 0x20, 0x20, 0x20, 0x20, 0x20, 
    0x20, 0x20, 0x20, 0x20, 0x20, 0x20, 0x20, 0x20, 0x20, 0x22, 0x43, 0x6f, 0x6c, 0x6f, 0x72, 0x22, 
    0x3a, 0x20, 0x7b, 0x0d, 0x0a, 0x20, 0x20, 0x20, 0x20, 0x20, 0x20, 0x20, 0x20, 0x20, 0x20, 0x20, 
    0x20, 0x20, 0x20, 0x20, 0x20, 0x20, 0x20, 0x20, 0x20, 0x20, 0x20, 0x20, 0x20, 0x20, 0x20, 0x20, 
    0x20, 0x20, 0x20, 0x20, 0x20, 0x20, 0x20, 0x20, 0x20, 0x20, 0x20, 0x20, 0x20, 0x20, 0x20, 0x20, 
    0x20, 0x20, 0x20, 0x20, 0x20, 0x22, 0x73, 0x74, 0x61, 0x74, 0x65, 0x73, 0x22, 0x3a, 0x20, 0x7b, 
    0x0d, 0x0a, 0x20, 0x20, 0x20, 0x20, 0x20, 0x20, 0x20, 0x20, 0x20, 0x20, 0x20, 0x20, 0x20, 0x20, 
    0x20, 0x20, 0x20, 0x20, 0x20, 0x20, 0x20, 0x20, 0x20, 0x20, 0x20, 0x20, 0x20, 0x20, 0x20, 0x20, 
    0x20, 0x20, 0x20, 0x20, 0x20, 0x20, 0x20, 0x20, 0x20, 0x20, 0x20, 0x20, 0x20, 0x20, 0x20, 0x20, 
    0x20, 0x20, 0x20, 0x20, 0x20, 0x20, 0x22, 0x53, 0x65, 0x6c, 0x65, 0x63, 0x74, 0x65, 0x64, 0x22, 
    0x3a, 0x20, 0x22, 0x23, 0x65, 0x33, 0x33, 0x30, 0x33, 0x36, 0x22, 0x0d, 0x0a, 0x20, 0x20, 0x20, 
    0x20, 0x20, 0x20, 0x20, 0x20, 0x20, 0x20, 0x20, 0x20, 0x20, 0x20, 0x20, 0x20, 0x20, 0x20, 0x20, 
    0x20, 0x20, 0x20, 0x20, 0x20, 0x20, 0x20, 0x20, 0x20, 0x20, 0x20, 0x20, 0x20, 0x20, 0x20, 0x20, 
    0x20, 0x20, 0x20, 0x20, 0x20, 0x20, 0x20, 0x20, 0x20, 0x20, 0x20, 0x20, 0x20, 0x7d, 0x2c, 0x0d, 
    0x0a, 0x20, 0x20, 0x20, 0x20, 0x20, 0x20, 0x20, 0x20, 0x20, 0x20, 0x20, 0x20, 0x20, 0x20, 0x20, 
    0x20, 0x20, 0x20, 0x20, 0x20, 0x20, 0x20, 0x20, 0x20, 0x20, 0x20, 0x20, 0x20, 0x20, 0x20, 0x20, 
    0x20, 0x20, 0x20, 0x20, 0x20, 0x20, 0x20, 0x20, 0x20, 0x20, 0x20, 0x20, 0x20, 0x20, 0x20, 0x20, 
    0x20, 0x22, 0x76, 0x61, 0x6c, 0x75, 0x65, 0x22, 0x3a, 0x20, 0x22, 0x23, 0x36, 0x61, 0x36, 0x61, 
    0x36, 0x61, 0x22, 0x0d, 0x0a, 0x20, 0x20, 0x20, 0x20, 0x20, 0x20, 0x20, 0x20, 0x20, 0x20, 0x20, 
    0x20, 0x20, 0x20, 0x20, 0x20, 0x20, 0x20, 0x20, 0x20, 0x20, 0x20, 0x20, 0x20, 0x20, 0x20, 0x20, 
    0x20, 0x20, 0x20, 0x20, 0x20, 0x20, 0x20, 0x20, 0x20, 0x20, 0x20, 0x20, 0x20, 0x20, 0x20, 0x20, 
    0x20, 0x7d, 0x0d, 0x0a, 0x20, 0x20, 0x20, 0x20, 0x20, 0x20, 0x20, 0x20, 0x20, 0x20, 0x20, 0x20, 
    0x20, 0x20, 0x20, 0x20, 0x20, 0x20, 0x20, 0x20, 0x20, 0x20, 0x20, 0x20, 0x20, 0x20, 0x20, 0x20, 
    0x20, 0x20, 0x20, 0x20, 0x20, 0x20, 0x20, 0x20, 0x20, 0x20, 0x20, 0x20, 0x7d, 0x0d, 0x0a, 0x20, 
    0x20, 0x20, 0x20, 0x20, 0x20, 0x20, 0x20, 0x20, 0x20, 0x20, 0x20, 0x20, 0x20, 0x20, 0x20, 0x20, 
    0x20, 0x20, 0x20, 0x20, 0x20, 0x20, 0x20, 0x20, 0x20, 0x20, 0x20, 0x20, 0x20, 0x20, 0x20, 0x20, 
    0x20, 0x20, 0x20, 0x7d, 0x0d, 0x0a, 0x20, 0x20, 0x20, 0x20, 0x20, 0x20, 0x20, 0x20, 0x20, 0x20, 
    0x20, 0x20, 0x20, 0x20, 0x20, 0x20, 0x20, 0x20, 0x20, 0x20, 0x20, 0x20, 0x20, 0x20, 0x20, 0x20, 
    0x20, 0x20, 0x20, 0x20, 0x20, 0x20, 0x7d, 0x0d, 0x0a, 0x20, 0x20, 0x20, 0x20, 0x20, 0x20, 0x20, 
    0x20, 0x20, 0x20, 0x20, 0x20, 0x20, 0x20, 0x20, 0x20, 0x20, 0x20, 0x20, 0x20, 0x20, 0x20, 0x20, 
    0x20, 0x20, 0x20, 0x20, 0x20, 0x7d, 0x0d, 0x0a, 0x20, 0x20, 0x20, 0x20, 0x20, 0x20, 0x20, 0x20, 
    0x20, 0x20, 0x20, 0x20, 0x20, 0x20, 0x20, 0x20, 0x20, 0x20, 0x20, 0x20, 0x20, 0x20, 0x20, 0x20, 
    0x7d, 0x0d, 0x0a, 0x20, 0x20, 0x20, 0x20, 0x20, 0x20, 0x20, 0x20, 0x20, 0x20, 0x20, 0x20, 0x20, 
    0x20, 0x20, 0x20, 0x20, 0x20, 0x20, 0x20, 0x7d, 0x0d, 0x0a, 0x20, 0x20, 0x20, 0x20, 0x20, 0x20, 
    0x20, 0x20, 0x20, 0x20, 0x20, 0x20, 0x20, 0x20, 0x20, 0x20, 0x7d, 0x0d, 0x0a, 0x20, 0x20, 0x20, 
    0x20, 0x20, 0x20, 0x20, 0x20, 0x20, 0x20, 0x20, 0x20, 0x7d, 0x0d, 0x0a, 0x20, 0x20, 0x20, 0x20, 
    0x20, 0x20, 0x20, 0x20, 0x7d, 0x0d, 0x0a, 0x20, 0x20, 0x20, 0x20, 0x7d, 0x0d, 0x0a, 0x7d
};
static const size_t res__definitions_nebula_newthemedialog_json_size = sizeof(res__definitions_nebula_newthemedialog_json);

static const unsigned char res__definitions_nebula_opener_json[] = {
    0x7b, 0x0d, 0x0a, 0x20, 0x20, 0x20, 0x20, 0x22, 0x4d, 0x61, 0x69, 0x6e, 0x20, 0x57, 0x69, 0x6e, 
    0x64, 0x6f, 0x77, 0x2f, 0x4f, 0x70, 0x65, 0x6e, 0x65, 0x72, 0x22, 0x3a, 0x20, 0x22, 0x51, 0x4c, 
    0x61, 0x79, 0x65, 0x72, 0x73, 0x2f, 0x71, 0x6c, 0x77, 0x69, 0x64, 0x67, 0x65, 0x74, 0x2e, 0x6a, 
    0x73, 0x6f, 0x6e, 0x3a, 0x3a, 0x57, 0x69, 0x64, 0x67, 0x65, 0x74, 0x22, 0x0d, 0x0a, 0x7d
};
static const size_t res__definitions_nebula_opener_json_size = sizeof(res__definitions_nebula_opener_json);

static const unsigned char res__definitions_nebula_themeeditor_json[] = {
    0x7b, 0x0d, 0x0a, 0x20, 0x20, 0x20, 0x20, 0x22, 0x4d, 0x61, 0x69, 0x6e, 0x20, 0x57, 0x69, 0x6e, 
    0x64, 0x6f, 0x77, 0x2f, 0x54, 0x68, 0x65, 0x6d, 0x65, 0x20, 0x45, 0x64, 0x69, 0x74, 0x6f, 0x72, 
    0x22, 0x3a, 0x20, 0x7b, 0x0d, 0x0a, 0x20, 0x20, 0x20, 0x20, 0x20, 0x20, 0x20, 0x20, 0x22, 0x5f, 
    0x69, 0x6e, 0x63, 0x6c, 0x75, 0x64, 0x65, 0x22, 0x3a, 0x20, 0x22, 0x51, 0x4c, 0x61, 0x79, 0x65, 
    0x72, 0x73, 0x2f, 0x71, 0x6c, 0x77, 0x69, 0x64, 0x67, 0x65, 0x74, 0x2e, 0x6a, 0x73, 0x6f, 0x6e, 
    0x3a, 0x3a, 0x57, 0x69, 0x64, 0x67, 0x65, 0x74, 0x22, 0x2c, 0x0d, 0x0a, 0x20, 0x20, 0x20, 0x20, 
    0x20, 0x20, 0x20, 0x20, 0x22, 0x63, 0x68, 0x69, 0x6c, 0x64, 0x72, 0x65, 0x6e, 0x22, 0x3a, 0x20, 
    0x7b, 0x0d, 0x0a, 0x20, 0x20, 0x20, 0x20, 0x20, 0x20, 0x20, 0x20, 0x20, 0x20, 0x20, 0x20, 0x22, 
    0x41, 0x74, 0x74, 0x72, 0x69, 0x62, 0x75, 0x74, 0x65, 0x20, 0x45, 0x64, 0x69, 0x74, 0x6f, 0x72, 
    0x73, 0x22, 0x3a, 0x20, 0x22, 0x61, 0x74, 0x74, 0x72, 0x69, 0x62, 0x75, 0x74, 0x65, 0x65, 0x64, 
    0x69, 0x74, 0x6f, 0x72, 0x73, 0x2e, 0x6a, 0x73, 0x6f, 0x6e, 0x3a, 0x3a, 0x41, 0x74, 0x74, 0x72, 
    0x69, 0x62, 0x75, 0x74, 0x65, 0x20, 0x45, 0x64, 0x69, 0x74, 0x6f, 0x72, 0x73, 0x22, 0x2c, 0x0d, 
    0x0a, 0x20, 0x20, 0x20, 0x20, 0x20, 0x20, 0x20, 0x20, 0x20, 0x20, 0x20, 0x20, 0x22, 0x44, 0x69, 
    0x76, 0x69, 0x64, 0x65, 0x72, 0x73, 0x22, 0x3a, 0x20, 0x7b, 0x0d, 0x0a, 0x20, 0x20, 0x20, 0x20, 
    0x20, 0x20, 0x20, 0x20, 0x20, 0x20, 0x20, 0x20, 0x20, 0x20, 0x20, 0x20, 0x22, 0x5f, 0x69, 0x6e, 
    0x63, 0x6c, 0x75, 0x64, 0x65, 0x22, 0x3a, 0x20, 0x22, 0x51, 0x4c, 0x61, 0x79, 0x65, 0x72, 0x73, 
    0x2f, 0x71, 0x6c, 0x77, 0x69, 0x64, 0x67, 0x65, 0x74, 0x2e, 0x6a, 0x73, 0x6f, 0x6e, 0x3a, 0x3a, 
    0x57, 0x69, 0x64, 0x67, 0x65, 0x74, 0x22, 0x2c, 0x0d, 0x0a, 0x20, 0x20, 0x20, 0x20, 0x20, 0x20, 
    0x20, 0x20, 0x20, 0x20, 0x20, 0x20, 0x20, 0x20, 0x20, 0x20, 0x22, 0x61, 0x74, 0x74, 0x72, 0x69, 
    0x62, 0x75, 0x74, 0x65, 0x73, 0x22, 0x3a, 0x20, 0x7b, 0x0d, 0x0a, 0x20, 0x20, 0x20, 0x20, 0x20, 
    0x20, 0x20, 0x20, 0x20, 0x20, 0x20, 0x20, 0x20, 0x20, 0x20, 0x20, 0x20, 0x20, 0x20, 0x20, 0x22, 
    0x46, 0x69, 0x6c, 0x6c, 0x22, 0x3a, 0x20, 0x22, 0x4c, 0x3a, 0x54, 0x68, 0x65, 0x6d, 0x65, 0x2f, 
    0x54, 0x65, 0x72, 0x74, 0x69, 0x61, 0x72, 0x79, 0x22, 0x0d, 0x0a, 0x20, 0x20, 0x20, 0x20, 0x20, 
    0x20, 0x20, 0x20, 0x20, 0x20, 0x20, 0x20, 0x20, 0x20, 0x20, 0x20, 0x7d, 0x0d, 0x0a, 0x20, 0x20, 
    0x20, 0x20, 0x20, 0x20, 0x20, 0x20, 0x20, 0x20, 0x20, 0x20, 0x7d, 0x2c, 0x0d, 0x0a, 0x20, 0x20, 
    0x20, 0x20, 0x20, 0x20, 0x20, 0x20, 0x20, 0x20, 0x20, 0x20, 0x22, 0x50, 0x61, 0x74, 0x68, 0x20, 
    0x4c, 0x61, 0x62, 0x65, 0x6c, 0x22, 0x3a, 0x20, 0x22, 0x51, 0x4c, 0x61, 0x79, 0x65, 0x72, 0x73, 
    0x2f, 0x71, 0x6c, 0x6c, 0x61, 0x62, 0x65, 0x6c, 0x2e, 0x6a, 0x73, 0x6f, 0x6e, 0x3a, 0x3a, 0x4c, 
    0x61, 0x62, 0x65, 0x6c, 0x22, 0x2c, 0x0d, 0x0a, 0x20, 0x20, 0x20, 0x20, 0x20, 0x20, 0x20, 0x20, 
    0x20, 0x20, 0x20, 0x20, 0x22, 0x53, 0x69, 0x64, 0x65, 0x62, 0x61, 0x72, 0x22, 0x3a, 0x20, 0x7b, 
    0x0d, 0x0a, 0x20, 0x20, 0x20, 0x20, 0x20, 0x20, 0x20, 0x20, 0x20, 0x20, 0x20, 0x20, 0x20, 0x20, 
    0x20, 0x20, 0x22, 0x5f, 0x69, 0x6e, 0x63, 0x6c, 0x75, 0x64, 0x65, 0x22, 0x3a, 0x20, 0x22, 0x51, 
    0x4c, 0x61, 0x79, 0x65, 0x72, 0x73, 0x2f, 0x71, 0x6c, 0x77, 0x69, 0x64, 0x67, 0x65, 0x74, 0x2e, 
    0x6a, 0x73, 0x6f, 0x6e, 0x3a, 0x3a, 0x57, 0x69, 0x64, 0x67, 0x65, 0x74, 0x22, 0x2c, 0x0d, 0x0a, 
    0x20, 0x20, 0x20, 0x20, 0x20, 0x20, 0x20, 0x20, 0x20, 0x20, 0x20, 0x20, 0x20, 0x20, 0x20, 0x20, 
    0x22, 0x61, 0x74, 0x74, 0x72, 0x69, 0x62, 0x75, 0x74, 0x65, 0x73, 0x22, 0x3a, 0x20, 0x7b, 0x0d, 
    0x0a, 0x20, 0x20, 0x20, 0x20, 0x20, 0x20, 0x20, 0x20, 0x20, 0x20, 0x20, 0x20, 0x20, 0x20, 0x20, 
    0x20, 0x20, 0x20, 0x20, 0x20, 0x22, 0x46, 0x69, 0x6c, 0x6c, 0x22, 0x3a, 0x20, 0x22, 0x4c, 0x3a, 
    0x54, 0x68, 0x65, 0x6d, 0x65, 0x2f, 0x53, 0x65, 0x63, 0x6f, 0x6e, 0x64, 0x61, 0x72, 0x79, 0x22, 
    0x0d, 0x0a, 0x20, 0x20, 0x20, 0x20, 0x20, 0x20, 0x20, 0x20, 0x20, 0x20, 0x20, 0x20, 0x20, 0x20, 
    0x20, 0x20, 0x7d, 0x2c, 0x0d, 0x0a, 0x20, 0x20, 0x20, 0x20, 0x20, 0x20, 0x20, 0x20, 0x20, 0x20, 
    0x20, 0x20, 0x20, 0x20, 0x20, 0x20, 0x22, 0x63, 0x68, 0x69, 0x6c, 0x64, 0x72, 0x65, 0x6e, 0x22, 
    0x3a, 0x20, 0x7b, 0x0d, 0x0a, 0x20, 0x20, 0x20, 0x20, 0x20, 0x20, 0x20, 0x20, 0x20, 0x20, 0x20, 
    0x20, 0x20, 0x20, 0x20, 0x20, 0x20, 0x20, 0x20, 0x20, 0x22, 0x54, 0x68, 0x65, 0x6d, 0x65, 0x20, 
    0x53, 0x63, 0x72, 0x6f, 0x6c, 0x6c, 0x65, 0x72, 0x22, 0x3a, 0x20, 0x7b, 0x0d, 0x0a, 0x20, 0x20, 
    0x20, 0x20, 0x20, 0x20, 0x20, 0x20, 0x20, 0x20, 0x20, 0x20, 0x20, 0x20, 0x20, 0x20, 0x20, 0x20, 
    0x20, 0x20, 0x20, 0x20, 0x20, 0x20, 0x22, 0x63, 0x68, 0x69, 0x6c, 0x64, 0x72, 0x65, 0x6e, 0x22, 
    0x3a, 0x20, 0x7b, 0x0d, 0x0a, 0x20, 0x20, 0x20, 0x20, 0x20, 0x20, 0x20, 0x20, 0x20, 0x20, 0x20, 
    0x20, 0x20, 0x20, 0x20, 0x20, 0x20, 0x20, 0x20, 0x20, 0x20, 0x20, 0x20, 0x20, 0x20, 0x20, 0x20, 
    0x20, 0x22, 0x56, 0x65, 0x72, 0x74, 0x69, 0x63, 0x61, 0x6c, 0x20, 0x53, 0x63, 0x72, 0x6f, 0x6c, 
    0x6c, 0x42, 0x61, 0x72, 0x22, 0x3a, 0x20, 0x22, 0x51, 0x4c, 0x61, 0x79, 0x65, 0x72, 0x73, 0x2f, 
    0x71, 0x6c, 0x73, 0x63, 0x72, 0x6f, 0x6c, 0x6c, 0x62, 0x61, 0x72, 0x2e, 0x6a, 0x73, 0x6f, 0x6e, 
    0x3a, 0x3a, 0x53, 0x63, 0x72, 0x6f, 0x6c, 0x6c, 0x20, 0x42, 0x61, 0x72, 0x22, 0x0d, 0x0a, 0x20, 
    0x20, 0x20, 0x20, 0x20, 0x20, 0x20, 0x20, 0x20, 0x20, 0x20, 0x20, 0x20, 0x20, 0x20, 0x20, 0x20, 
    0x20, 0x20, 0x20, 0x20, 0x20, 0x20, 0x20, 0x7d, 0x0d, 0x0a, 0x20, 0x20, 0x20, 0x20, 0x20, 0x20, 
    0x20, 0x20, 0x20, 0x20, 0x20, 0x20, 0x20, 0x20, 0x20, 0x20, 0x20, 0x20, 0x20, 0x20, 0x7d, 0x0d, 
    0x0a, 0x20, 0x20, 0x20, 0x20, 0x20, 0x20, 0x20, 0x20, 0x20, 0x20, 0x20, 0x20, 0x20, 0x20, 0x20, 
    0x20, 0x7d, 0x0d, 0x0a, 0x20, 0x20, 0x20, 0x20, 0x20, 0x20, 0x20, 0x20, 0x20, 0x20, 0x20, 0x20, 
    0x7d, 0x2c, 0x0d, 0x0a, 0x20, 0x20, 0x20, 0x20, 0x20, 0x20, 0x20, 0x20, 0x20, 0x20, 0x20, 0x20, 
    0x22, 0x4f, 0x70, 0x74, 0x69, 0x6f, 0x6e, 0x73, 0x20, 0x42, 0x61, 0x72, 0x22, 0x3a, 0x20, 0x7b, 
    0x0d, 0x0a, 0x20, 0x20, 0x20, 0x20, 0x20, 0x20, 0x20, 0x20, 0x20, 0x20, 0x20, 0x20, 0x20, 0x20, 
    0x20, 0x20, 0x22, 0x5f, 0x69, 0x6e, 0x63, 0x6c, 0x75, 0x64, 0x65, 0x22, 0x3a, 0x20, 0x22, 0x51, 
    0x4c, 0x61, 0x79, 0x65, 0x72, 0x73, 0x2f, 0x71, 0x6c, 0x77, 0x69, 0x64, 0x67, 0x65, 0x74, 0x2e, 
    0x6a, 0x73, 0x6f, 0x6e, 0x3a, 0x3a, 0x57, 0x69, 0x64, 0x67, 0x65, 0x74, 0x22, 0x2c, 0x0d, 0x0a, 
    0x20, 0x20, 0x20, 0x20, 0x20, 0x20, 0x20, 0x20, 0x20, 0x20, 0x20, 0x20, 0x20, 0x20, 0x20, 0x20, 
    0x22, 0x61, 0x74, 0x74, 0x72, 0x69, 0x62, 0x75, 0x74, 0x65, 0x73, 0x22, 0x3a, 0x20, 0x7b, 0x0d, 
    0x0a, 0x20, 0x20, 0x20, 0x20, 0x20, 0x20, 0x20, 0x20, 0x20, 0x20, 0x20, 0x20, 0x20, 0x20, 0x20, 
    0x20, 0x20, 0x20, 0x20, 0x20, 0x22, 0x46, 0x69, 0x6c, 0x6c, 0x22, 0x3a, 0x20, 0x22, 0x4c, 0x3a, 
    0x54, 0x68, 0x65, 0x6d, 0x65, 0x2f, 0x54, 0x65, 0x72, 0x74, 0x69, 0x61, 0x72, 0x79, 0x22, 0x0d, 
    0x0a, 0x20, 0x20, 0x20, 0x20, 0x20, 0x20, 0x20, 0x20, 0x20, 0x20, 0x20, 0x20, 0x20, 0x20, 0x20, 
    0x20, 0x7d, 0x2c, 0x0d, 0x0a, 0x20, 0x20, 0x20, 0x20, 0x20, 0x20, 0x20, 0x20, 0x20, 0x20, 0x20, 
    0x20, 0x20, 0x20, 0x20, 0x20, 0x22, 0x63, 0x68, 0x69, 0x6c, 0x64, 0x72, 0x65, 0x6e, 0x22, 0x3a, 
    0x20, 0x7b, 0x0d, 0x0a, 0x20, 0x20, 0x20, 0x20, 0x20, 0x20, 0x20, 0x20, 0x20, 0x20, 0x20, 0x20, 
    0x20, 0x20, 0x20, 0x20, 0x20, 0x20, 0x20, 0x20, 0x22, 0x4e, 0x65, 0x77, 0x20, 0x54, 0x68, 0x65, 
    0x6d, 0x65, 0x20, 0x42, 0x75, 0x74, 0x74, 0x6f, 0x6e, 0x22, 0x3a, 0x20, 0x7b, 0x0d, 0x0a, 0x20, 
    0x20, 0x20, 0x20, 0x20, 0x20, 0x20, 0x20, 0x20, 0x20, 0x20, 0x20, 0x20, 0x20, 0x20, 0x20, 0x20, 
    0x20, 0x20, 0x20, 0x20, 0x20, 0x20, 0x20, 0x22, 0x5f, 0x69, 0x6e, 0x63, 0x6c, 0x75, 0x64, 0x65, 
    0x22, 0x3a, 0x20, 0x22, 0x51, 0x4c, 0x61, 0x79, 0x65, 0x72, 0x73, 0x2f, 0x71, 0x6c, 0x77, 0x69, 
    0x64, 0x67, 0x65, 0x74, 0x2e, 0x6a, 0x73, 0x6f, 0x6e, 0x3a, 0x3a, 0x57, 0x69, 0x64, 0x67, 0x65, 
    0x74, 0x22, 0x2c, 0x0d, 0x0a, 0x20, 0x20, 0x20, 0x20, 0x20, 0x20, 0x20, 0x20, 0x20, 0x20, 0x20, 
    0x20, 0x20, 0x20, 0x20, 0x20, 0x20, 0x20, 0x20, 0x20, 0x20, 0x20, 0x20, 0x20, 0x22, 0x61, 0x74, 
    0x74, 0x72, 0x69, 0x62, 0x75, 0x74, 0x65, 0x73, 0x22, 0x3a, 0x20, 0x7b, 0x0d, 0x0a, 0x20, 0x20, 
    0x20, 0x20, 0x20, 0x20, 0x20, 0x20, 0x20, 0x20, 0x20, 0x20, 0x20, 0x20, 0x20, 0x20, 0x20, 0x20, 
    0x20, 0x20, 0x20, 0x20, 0x20, 0x20, 0x20, 0x20, 0x20, 0x20, 0x22, 0x43, 0x6f, 0x72, 0x6e, 0x65, 
    0x72, 0x20, 0x52, 0x61, 0x64, 0x69, 0x69, 0x2e, 0x42, 0x6f, 0x74, 0x74, 0x6f, 0x6d, 0x20, 0x4c, 
    0x65, 0x66, 0x74, 0x22, 0x3a, 0x20, 0x33, 0x2c, 0x0d, 0x0a, 0x20, 0x20, 0x20, 0x20, 0x20, 0x20, 
    0x20, 0x20, 0x20, 0x20, 0x20, 0x20, 0x20, 0x20, 0x20, 0x20, 0x20, 0x20, 0x20, 0x20, 0x20, 0x20, 
    0x20, 0x20, 0x20, 0x20, 0x20, 0x20, 0x22, 0x43, 0x6f, 0x72, 0x6e, 0x65, 0x72, 0x20, 0x52, 0x61, 
    0x64, 0x69, 0x69, 0x2e, 0x42, 0x6f, 0x74, 0x74, 0x6f, 0x6d, 0x20, 0x52, 0x69, 0x67, 0x68, 0x74, 
    0x22, 0x3a, 0x20, 0x33, 0x2c, 0x0d, 0x0a, 0x20, 0x20, 0x20, 0x20, 0x20, 0x20, 0x20, 0x20, 0x20, 
    0x20, 0x20, 0x20, 0x20, 0x20, 0x20, 0x20, 0x20, 0x20, 0x20, 0x20, 0x20, 0x20, 0x20, 0x20, 0x20, 
    0x20, 0x20, 0x20, 0x22, 0x43, 0x6f, 0x72, 0x6e, 0x65, 0x72, 0x20, 0x52, 0x61, 0x64, 0x69, 0x69, 
    0x2e, 0x54, 0x6f, 0x70, 0x20, 0x4c, 0x65, 0x66, 0x74, 0x22, 0x3a, 0x20, 0x33, 0x2c, 0x0d, 0x0a, 
    0x20, 0x20, 0x20, 0x20, 0x20, 0x20, 0x20, 0x20, 0x20, 0x20, 0x20, 0x20, 0x20, 0x20, 0x20, 0x20, 
    0x20, 0x20, 0x20, 0x20, 0x20, 0x20, 0x20, 0x20, 0x20, 0x20, 0x20, 0x20, 0x22, 0x43, 0x6f, 0x72, 
    0x6e, 0x65, 0x72, 0x20, 0x52, 0x61, 0x64, 0x69, 0x69, 0x2e, 0x54, 0x6f, 0x70, 0x20, 0x52, 0x69, 
    0x67, 0x68, 0x74, 0x22, 0x3a, 0x20, 0x33, 0x0d, 0x0a, 0x20, 0x20, 0x20, 0x20, 0x20, 0x20, 0x20, 
    0x20, 0x20, 0x20, 0x20, 0x20, 0x20, 0x20, 0x20, 0x20, 0x20, 0x20, 0x20, 0x20, 0x20, 0x20, 0x20, 
    0x20, 0x7d, 0x2c, 0x0d, 0x0a, 0x20, 0x20, 0x20, 0x20, 0x20, 0x20, 0x20, 0x20, 0x20, 0x20, 0x20, 
    0x20, 0x20, 0x20, 0x20, 0x20, 0x20, 0x20, 0x20, 0x20, 0x20, 0x20, 0x20, 0x20, 0x22, 0x63, 0x68, 
    0x69, 0x6c, 0x64, 0x72, 0x65, 0x6e, 0x22, 0x3a, 0x20, 0x7b, 0x0d, 0x0a, 0x20, 0x20, 0x20, 0x20, 
    0x20, 0x20, 0x20, 0x20, 0x20, 0x20, 0x20, 0x20, 0x20, 0x20, 0x20, 0x20, 0x20, 0x20, 0x20, 0x20, 
    0x20, 0x20, 0x20, 0x20, 0x20, 0x20, 0x20, 0x20, 0x22, 0x47, 0x72, 0x61, 0x70, 0x68, 0x69, 0x63, 
    0x22, 0x3a, 0x20, 0x7b, 0x0d, 0x0a, 0x20, 0x20, 0x20, 0x20, 0x20, 0x20, 0x20, 0x20, 0x20, 0x20, 
    0x20, 0x20, 0x20, 0x20, 0x20, 0x20, 0x20, 0x20, 0x20, 0x20, 0x20, 0x20, 0x20, 0x20, 0x20, 0x20, 
    0x20, 0x20, 0x20, 0x20, 0x20, 0x20, 0x22, 0x5f, 0x69, 0x6e, 0x63, 0x6c, 0x75, 0x64, 0x65, 0x22, 
    0x3a, 0x20, 0x22, 0x51, 0x4c, 0x61, 0x79, 0x65, 0x72, 0x73, 0x2f, 0x71, 0x6c, 0x6c, 0x61, 0x62, 
    0x65, 0x6c, 0x2e, 0x6a, 0x73, 0x6f, 0x6e, 0x3a, 0x3a, 0x4c, 0x61, 0x62, 0x65, 0x6c, 0x22, 0x2c, 
    0x0d, 0x0a, 0x20, 0x20, 0x20, 0x20, 0x20, 0x20, 0x20, 0x20, 0x20, 0x20, 0x20, 0x20, 0x20, 0x20, 
    0x20, 0x20, 0x20, 0x20, 0x20, 0x20, 0x20, 0x20, 0x20, 0x20, 0x20, 0x20, 0x20, 0x20, 0x20, 0x20, 
    0x20, 0x20, 0x22, 0x63, 0x68, 0x69, 0x6c, 0x64, 0x72, 0x65, 0x6e, 0x22, 0x3a, 0x20, 0x7b, 0x0d, 
    0x0a, 0x20, 0x20, 0x20, 0x20, 0x20, 0x20, 0x20, 0x20, 0x20, 0x20, 0x20, 0x20, 0x20, 0x20, 0x20, 
    0x20, 0x20, 0x20, 0x20, 0x20, 0x20, 0x20, 0x20, 0x20, 0x20, 0x20, 0x20, 0x20, 0x20, 0x20, 0x20, 
    0x20, 0x20, 0x20, 0x20, 0x20, 0x22, 0x53, 0x76, 0x67, 0x22, 0x3a, 0x20, 0x7b, 0x0d, 0x0a, 0x20, 
    0x20, 0x20, 0x20, 0x20, 0x20, 0x20, 0x20, 0x20, 0x20, 0x20, 0x20, 0x20, 0x20, 0x20, 0x20, 0x20, 
    0x20, 0x20, 0x20, 0x20, 0x20, 0x20, 0x20, 0x20, 0x20, 0x20, 0x20, 0x20, 0x20, 0x20, 0x20, 0x20, 
    0x20, 0x20, 0x20, 0x20, 0x20, 0x20, 0x20, 0x22, 0x61, 0x74, 0x74, 0x72, 0x69, 0x62, 0x75, 0x74, 
    0x65, 0x73, 0x22, 0x3a, 0x20, 0x7b, 0x0d, 0x0a, 0x20, 0x20, 0x20, 0x20, 0x20, 0x20, 0x20, 0x20, 
    0x20, 0x20, 0x20, 0x20, 0x20, 0x20, 0x20, 0x20, 0x20, 0x20, 0x20, 0x20, 0x20, 0x20, 0x20, 0x20, 
    0x20, 0x20, 0x20, 0x20, 0x20, 0x20, 0x20, 0x20, 0x20, 0x20, 0x20, 0x20, 0x20, 0x20, 0x20, 0x20, 
    0x20, 0x20, 0x20, 0x20, 0x22, 0x43, 0x6f, 0x6c, 0x6f, 0x72, 0x22, 0x3a, 0x20, 0x22, 0x4c, 0x3a, 
    0x54, 0x68, 0x65, 0x6d, 0x65, 0x2f, 0x46, 0x6f, 0x72, 0x65, 0x67, 0x72, 0x6f, 0x75, 0x6e, 0x64, 
    0x22, 0x0d, 0x0a, 0x20, 0x20, 0x20, 0x20, 0x20, 0x20, 0x20, 0x20, 0x20, 0x20, 0x20, 0x20, 0x20, 
    0x20, 0x20, 0x20, 0x20, 0x20, 0x20, 0x20, 0x20, 0x20, 0x20, 0x20, 0x20, 0x20, 0x20, 0x20, 0x20, 
    0x20, 0x20, 0x20, 0x20, 0x20, 0x20, 0x20, 0x20, 0x20, 0x20, 0x20, 0x7d, 0x0d, 0x0a, 0x20, 0x20, 
    0x20, 0x20, 0x20, 0x20, 0x20, 0x20, 0x20, 0x20, 0x20, 0x20, 0x20, 0x20, 0x20, 0x20, 0x20, 0x20, 
    0x20, 0x20, 0x20, 0x20, 0x20, 0x20, 0x20, 0x20, 0x20, 0x20, 0x20, 0x20, 0x20, 0x20, 0x20, 0x20, 
    0x20, 0x20, 0x7d, 0x0d, 0x0a, 0x20, 0x20, 0x20, 0x20, 0x20, 0x20, 0x20, 0x20, 0x20, 0x20, 0x20, 
    0x20, 0x20, 0x20, 0x20, 0x20, 0x20, 0x20, 0x20, 0x20, 0x20, 0x20, 0x20, 0x20, 0x20, 0x20, 0x20, 
    0x20, 0x20, 0x20, 0x20, 0x20, 0x7d, 0x0d, 0x0a, 0x20, 0x20, 0x20, 0x20, 0x20, 0x20, 0x20, 0x20, 
    0x20, 0x20, 0x20, 0x20, 0x20, 0x20, 0x20, 0x20, 0x20, 0x20, 0x20, 0x20, 0x20, 0x20, 0x20, 0x20, 
    0x20, 0x20, 0x20, 0x20, 0x7d, 0x0d, 0x0a, 0x20, 0x20, 0x20, 0x20, 0x20, 0x20, 0x20, 0x20, 0x20, 
    0x20, 0x20, 0x20, 0x20, 0x20, 0x20, 0x20, 0x20, 0x20, 0x20, 0x20, 0x20, 0x20, 0x20, 0x20, 0x7d, 
    0x0d, 0x0a, 0x20, 0x20, 0x20, 0x20, 0x20, 0x20, 0x20, 0x20, 0x20, 0x20, 0x20, 0x20, 0x20, 0x20, 
    0x20, 0x20, 0x20, 0x20, 0x20, 0x20, 0x7d, 0x2c, 0x0d, 0x0a, 0x20, 0x20, 0x20, 0x20, 0x20, 0x20, 
    0x20, 0x20, 0x20, 0x20, 0x20, 0x20, 0x20, 0x20, 0x20, 0x20, 0x20, 0x20, 0x20, 0x20, 0x22, 0x53, 
    0x65, 0x61, 0x72, 0x63, 0x68, 0x20, 0x42, 0x6f, 0x78, 0x22, 0x3a, 0x20, 0x7b, 0x0d, 0x0a, 0x20, 
    0x20, 0x20, 0x20, 0x20, 0x20, 0x20, 0x20, 0x20, 0x20, 0x20, 0x20, 0x20, 0x20, 0x20, 0x20, 0x20, 
    0x20, 0x20, 0x20, 0x20, 0x20, 0x20, 0x20, 0x22, 0x5f, 0x69, 0x6e, 0x63, 0x6c, 0x75, 0x64, 0x65, 
    0x22, 0x3a, 0x20, 0x22, 0x51, 0x4c, 0x61, 0x79, 0x65, 0x72, 0x73, 0x2f, 0x71, 0x6c, 0x6c, 0x69, 
    0x6e, 0x65, 0x65, 0x64, 0x69, 0x74, 0x6f, 0x72, 0x2e, 0x6a, 0x73, 0x6f, 0x6e, 0x3a, 0x3a, 0x4c, 
    0x69, 0x6e, 0x65, 0x20, 0x45, 0x64, 0x69, 0x74, 0x6f, 0x72, 0x22, 0x2c, 0x0d, 0x0a, 0x20, 0x20, 
    0x20, 0x20, 0x20, 0x20, 0x20, 0x20, 0x20, 0x20, 0x20, 0x20, 0x20, 0x20, 0x20, 0x20, 0x20, 0x20, 
    0x20, 0x20, 0x20, 0x20, 0x20, 0x20, 0x22, 0x61, 0x74, 0x74, 0x72, 0x69, 0x62, 0x75, 0x74, 0x65, 
    0x73, 0x22, 0x3a, 0x20, 0x7b, 0x0d, 0x0a, 0x20, 0x20, 0x20, 0x20, 0x20, 0x20, 0x20, 0x20, 0x20, 
    0x20, 0x20, 0x20, 0x20, 0x20, 0x20, 0x20, 0x20, 0x20, 0x20, 0x20, 0x20, 0x20, 0x20, 0x20, 0x20, 
    0x20, 0x20, 0x20, 0x22, 0x43, 0x6f, 0x72, 0x6e, 0x65, 0x72, 0x20, 0x52, 0x61, 0x64, 0x69, 0x69, 
    0x2e, 0x42, 0x6f, 0x74, 0x74, 0x6f, 0x6d, 0x20, 0x4c, 0x65, 0x66, 0x74, 0x22, 0x3a, 0x20, 0x33, 
    0x2c, 0x0d, 0x0a, 0x20, 0x20, 0x20, 0x20, 0x20, 0x20, 0x20, 0x20, 0x20, 0x20, 0x20, 0x20, 0x20, 
    0x20, 0x20, 0x20, 0x20, 0x20, 0x20, 0x20, 0x20, 0x20, 0x20, 0x20, 0x20, 0x20, 0x20, 0x20, 0x22, 
    0x43, 0x6f, 0x72, 0x6e, 0x65, 0x72, 0x20, 0x52, 0x61, 0x64, 0x69, 0x69, 0x2e, 0x42, 0x6f, 0x74, 
    0x74, 0x6f, 0x6d, 0x20, 0x52, 0x69, 0x67, 0x68, 0x74, 0x22, 0x3a, 0x20, 0x33, 0x2c, 0x0d, 0x0a, 
    0x20, 0x20, 0x20, 0x20, 0x20, 0x20, 0x20, 0x20, 0x20, 0x20, 0x20, 0x20, 0x20, 0x20, 0x20, 0x20, 
    0x20, 0x20, 0x20, 0x20, 0x20, 0x20, 0x20, 0x20, 0x20, 0x20, 0x20, 0x20, 0x22, 0x43, 0x6f, 0x72, 
    0x6e, 0x65, 0x72, 0x20, 0x52, 0x61, 0x64, 0x69, 0x69, 0x2e, 0x54, 0x6f, 0x70, 0x20, 0x4c, 0x65, 
    0x66, 0x74, 0x22, 0x3a, 0x20, 0x33, 0x2c, 0x0d, 0x0a, 0x20, 0x20, 0x20, 0x20, 0x20, 0x20, 0x20, 
    0x20, 0x20, 0x20, 0x20, 0x20, 0x20, 0x20, 0x20, 0x20, 0x20, 0x20, 0x20, 0x20, 0x20, 0x20, 0x20, 
    0x20, 0x20, 0x20, 0x20, 0x20, 0x22, 0x43, 0x6f, 0x72, 0x6e, 0x65, 0x72, 0x20, 0x52, 0x61, 0x64, 
    0x69, 0x69, 0x2e, 0x54, 0x6f, 0x70, 0x20, 0x52, 0x69, 0x67, 0x68, 0x74, 0x22, 0x3a, 0x20, 0x33, 
    0x2c, 0x0d, 0x0a, 0x20, 0x20, 0x20, 0x20, 0x20, 0x20, 0x20, 0x20, 0x20, 0x20, 0x20, 0x20, 0x20, 
    0x20, 0x20, 0x20, 0x20, 0x20, 0x20, 0x20, 0x20, 0x20, 0x20, 0x20, 0x20, 0x20, 0x20, 0x20, 0x22, 
    0x46, 0x69, 0x6c, 0x6c, 0x22, 0x3a, 0x20, 0x22, 0x4c, 0x3a, 0x54, 0x68, 0x65, 0x6d, 0x65, 0x2f, 
    0x50, 0x72, 0x69, 0x6d, 0x61, 0x72, 0x79, 0x22, 0x0d, 0x0a, 0x20, 0x20, 0x20, 0x20, 0x20, 0x20, 
    0x20, 0x20, 0x20, 0x20, 0x20, 0x20, 0x20, 0x20, 0x20, 0x20, 0x20, 0x20, 0x20, 0x20, 0x20, 0x20, 
    0x20, 0x20, 0x7d, 0x2c, 0x0d, 0x0a, 0x20, 0x20, 0x20, 0x20, 0x20, 0x20, 0x20, 0x20, 0x20, 0x20, 
    0x20, 0x20, 0x20, 0x20, 0x20, 0x20, 0x20, 0x20, 0x20, 0x20, 0x20, 0x20, 0x20, 0x20, 0x22, 0x63, 
    0x68, 0x69, 0x6c, 0x64, 0x72, 0x65, 0x6e, 0x22, 0x3a, 0x20, 0x7b, 0x0d, 0x0a, 0x20, 0x20, 0x20, 
    0x20, 0x20, 0x20, 0x20, 0x20, 0x20, 0x20, 0x20, 0x20, 0x20, 0x20, 0x20, 0x20, 0x20, 0x20, 0x20, 
    0x20, 0x20, 0x20, 0x20, 0x20, 0x20, 0x20, 0x20, 0x20, 0x22, 0x50, 0x72, 0x65, 0x74, 0x65, 0x78, 
    0x74, 0x20, 0x4c, 0x61, 0x62, 0x65, 0x6c, 0x22, 0x3a, 0x20, 0x22, 0x51, 0x4c, 0x61, 0x79, 0x65, 
    0x72, 0x73, 0x2f, 0x71, 0x6c, 0x6c, 0x61, 0x62, 0x65, 0x6c, 0x2e, 0x6a, 0x73, 0x6f, 0x6e, 0x3a, 
    0x3a, 0x4c, 0x61, 0x62, 0x65, 0x6c, 0x22, 0x0d, 0x0a, 0x20, 0x20, 0x20, 0x20, 0x20, 0x20, 0x20, 
    0x20, 0x20, 0x20, 0x20, 0x20, 0x20, 0x20, 0x20, 0x20, 0x20, 0x20, 0x20, 0x20, 0x20, 0x20, 0x20, 
    0x20, 0x7d, 0x0d, 0x0a, 0x20, 0x20, 0x20, 0x20, 0x20, 0x20, 0x20, 0x20, 0x20, 0x20, 0x20, 0x20, 
    0x20, 0x20, 0x20, 0x20, 0x20, 0x20, 0x20, 0x20, 0x7d, 0x0d, 0x0a, 0x20, 0x20, 0x20, 0x20, 0x20, 
    0x20, 0x20, 0x20, 0x20, 0x20, 0x20, 0x20, 0x20, 0x20, 0x20, 0x20, 0x7d, 0x0d, 0x0a, 0x20, 0x20, 
    0x20, 0x20, 0x20, 0x20, 0x20, 0x20, 0x20, 0x20, 0x20, 0x20, 0x7d, 0x2c, 0x0d, 0x0a, 0x20, 0x20, 
    0x20, 0x20, 0x20, 0x20, 0x20, 0x20, 0x20, 0x20, 0x20, 0x20, 0x22, 0x54, 0x61, 0x62, 0x20, 0x42, 
    0x61, 0x72, 0x22, 0x3a, 0x20, 0x22, 0x56, 0x6f, 0x72, 0x74, 0x65, 0x78, 0x2f, 0x76, 0x74, 0x61, 
    0x62, 0x62, 0x61, 0x72, 0x2e, 0x6a, 0x73, 0x6f, 0x6e, 0x3a, 0x3a, 0x54, 0x61, 0x62, 0x20, 0x42, 
    0x61, 0x72, 0x22, 0x0d, 0x0a, 0x20, 0x20, 0x20, 0x20, 0x20, 0x20, 0x20, 0x20, 0x7d, 0x0d, 0x0a, 
    0x20, 0x20, 0x20, 0x20, 0x7d, 0x0d, 0x0a, 0x7d
};
static const size_t res__definitions_nebula_themeeditor_json_size = sizeof(res__definitions_nebula_themeeditor_json);


struct ResourceEntry {
    const char* path;
    const unsigned char* data;
    size_t size;
};

static const ResourceEntry resourceEntries[] = {
    { "/definitions/nebula/attributeeditors.json", res__definitions_nebula_attributeeditors_json, res__definitions_nebula_attributeeditors_json_size },
    { "/definitions/nebula/definitioneditor.json", res__definitions_nebula_definitioneditor_json, res__definitions_nebula_definitioneditor_json_size },
    { "/definitions/nebula/homebutton.json", res__definitions_nebula_homebutton_json, res__definitions_nebula_homebutton_json_size },
    { "/definitions/nebula/nebula.json", res__definitions_nebula_nebula_json, res__definitions_nebula_nebula_json_size },
    { "/definitions/nebula/newthemedialog.json", res__definitions_nebula_newthemedialog_json, res__definitions_nebula_newthemedialog_json_size },
    { "/definitions/nebula/opener.json", res__definitions_nebula_opener_json, res__definitions_nebula_opener_json_size },
    { "/definitions/nebula/themeeditor.json", res__definitions_nebula_themeeditor_json, res__definitions_nebula_themeeditor_json_size },
};

void initResources_definitions()
{
    lResourceManager.init(resourceEntries, sizeof(resourceEntries)/sizeof(resourceEntries[0]));
};

} // namespace Resources
} // namespace Layers
